Title,Genre(s),Developer(s),Publisher(s),Release date
0 Day Attack on Earth,Shooter,Gulti,Square Enix,23-Dec-09
007 Legends,First-person shooter,Eurocom,Activision,16-Oct-12
007: Quantum of Solace,First-person shooter,Treyarch,Activision,4-Nov-08
0-D Beat Drop,Puzzle & Trivia,Cyclone Zero,Arc System Works,11-Nov-09
1 vs. 100,Party,Microsoft Studios,Microsoft Studios,19-Nov-09
11eyes CrossOver,Visual Novel,Lass,5pb.,Unreleased
187 Ride or Die,Driving,Ubisoft Paris,Ubisoft,24-Aug-05
1942: Joint Strike,Action & Adventure,Backbone Entertainment,Capcom,23-Jul-08
2006 FIFA World Cup,Sports,EA Canada,EA Sports,24-Apr-06
2010 FIFA World Cup South Africa,Sports,EA Canada,EA Sports,27-Apr-10
2014 FIFA World Cup Brazil,Sports,EA Canada,EA Sports,15-Apr-14
25 to Life,Third person shooter,Eidos Interactive,Square Enix,17-Jan-06
3 on 3 NHL Arcade,Sports & Recreation,EA Canada,Electronic Arts,11-Feb-09
3D Ultra Minigolf Adventures,Sports & Recreation,Wanako Games,Vivendi Games,18-Apr-07
3D Ultra Minigolf Adventures 2,Sports & Recreation,Wanako Games,Konami,27-Oct-10
50 Cent: Blood on the Sand,Third-person shooter,Swordfish Studios,THQ,24-Feb-09
50 Cent: Bulletproof,Third person shooter,Genuine Games,Vivendi Universal Games,22-Nov-05
A Kingdom for Keflings,Strategy & Simulation,NinjaBee,Microsoft Studios,19-Nov-08
A World of Keflings,Strategy & Simulation,NinjaBee,Microsoft Studios,22-Dec-10
A.R.E.S.: Extinction Agenda EX,Action & Adventure,Extend Studio,Aksys Games,2-Oct-13
Absolute: Blazing Infinity,Tactical role-playing,Idea Factory,Idea Factory,Unreleased
Abyss Odyssey,Action & Adventure,ACE Team,Atlus,16-Jul-14
AC/DC Live: Rock Band Track Pack,Music,Harmonix,MTV Games,2-Nov-08
Ace Combat 6: Fires of Liberation,Combat flight simulator,Namco Bandai Games,"Namco Bandai Games, AtariEU",23-Oct-07
Ace Combat: Assault Horizon,Combat flight simulator,Namco Bandai Games,Namco Bandai Games,11-Oct-11
Aces of the Galaxy,Action & Adventure,Artech Digital Entertainment,Vivendi Games,4-Jun-08
Action Packed Bundle,Action & Adventure,Misc,Microsoft Studios,19-Jul-13
Adidas miCoach,Sports,Lightning Fish,505 Games,24-Jul-12
Adrenalin Misfits,Sports,Konami,Konami,4-Nov-10
Adventure Time: Explore the Dungeon Because I DON'T KNOW!,Action-adventure,WayForward Technologies,D3 Publisher,19-Nov-13
Adventure Time: Finn & Jake Investigations,Action-adventure,Vicious Cycle Software,Little Orbit,20-Oct-15
Adventure Time: The Secret of the Nameless Kingdom,Action-adventure,WayForward Technologies,Little Orbit,18-Nov-14
Adventures of ShuggyThe Adventures of Shuggy,Action & Adventure,Smudged Cat Games,Valcon Games,15-Jun-12
Aegis Wing,Action & Adventure,Carbonated Games,Microsoft Studios,16-May-07
AFL Live,Sports,Big Ant Studios,Tru Blu Entertainment,Unreleased
AFL Live 2,Sports,Wicked Witch Software,Tru Blu Entertainment,Unreleased
Afro Samurai,Action,Namco Bandai Games,Namco Bandai Games,27-Jan-09
After Burner Climax,Shooter,Sega,Sega,21-Apr-10
Age of Booty,Strategy & Simulation,Certain Affinity,Capcom,15-Oct-08
Air Conflicts: Pacific Carriers,Combat flight simulator,Games Farm,bitComposer,Unreleased
Air Conflicts: Secret Wars,Combat flight simulator,Games Farm,bitComposer,28-Sep-11
Air Conflicts: Vietnam,Combat flight simulator,Kalypso Media,Kalypso Media,15-Oct-13
AirMech Arena,Action & Adventure,Carbon Games,Ubisoft,30-Jul-14
Akai Katana Shin,Bullet hell,Cave,Cave,15-May-12
Akatsuki no Amaneka to Aoi Kyojin,Action-adventure,CyberFront Corporation,CyberFront Corporation,Unreleased
Alan Wake,Third-person shooter,Remedy Entertainment,Microsoft Game Studios,18-May-10
Alan Wake's American Nightmare,Action & Adventure,Remedy Entertainment,Microsoft Studios,22-Feb-12
Alex Adventure: Robot Rampage,Platformer,Behaviour Interactive,Majesco Entertainment 505 Games,13-Aug-13
Alice: Madness Returns,Action-adventure,Spicy Horse,Electronic Arts,14-Jun-11
Alien Breed Episode 1: Evolution,Shooter,Team17,Microsoft Studios,16-Dec-09
Alien Breed Episode 2: Assault,Shooter,Team17,Microsoft Studios,22-Sep-10
Alien Breed Episode 3: Descent,Shooter,Team17,Microsoft Studios,17-Nov-10
Alien Breed Trilogy[note 1],Isometric shooter,Team17,Mastertronic,Unreleased
Alien Hominid HD,Action & Adventure,The Behemoth,Microsoft Studios,28-Feb-07
Alien Rage,Shooter,CI Games,CI Games,18-Oct-13
Alien Spidy,Action & Adventure,Enigma Software Productions,Kalypso Media,20-Mar-13
Alien: Isolation,Survival horror,The Creative Assembly,Sega,7-Oct-14
Aliens vs. Predator,First-person shooter,Rebellion Developments,Sega,16-Feb-10
Aliens: Colonial Marines,First-person Shooter,Gearbox Software,Sega,12-Feb-13
All Round Hunter[note 2],Hunting/Fishing,Beast Studios,505 Games,25-Jun-10
All Zombies Must Die!,Action & Adventure,Doublesix,Square Enix,27-Dec-11
All-Pro Football 2K8,Sports,Visual Concepts,2K Sports,16-Jul-07
Alone in the Dark,Survival horror,Eden Games,Atari,23-Jun-08
Alpha Protocol,Action role-playing,Obsidian Entertainment,Sega,1-Jun-10
Altered Beast,Classics,Backbone Entertainment,Sega,10-Jun-09
Alvin and the Chipmunks: Chipwrecked,Music,Behaviour Interactive,"Majesco Entertainment, 505 Games",15-Nov-11
American Mensa Academy,Puzzle & Trivia,Silverball Studios,Square Enix,12-Dec-12
America's Army: True Soldiers,Tactical Shooter,Red Storm Entertainment,Ubisoft,15-Nov-07
Amped 3,Sports,Indie Built,2K Sports,"November 22, 2005[1]"
AMY,Action & Adventure,VectorCell,Lexis Numérique,11-Jan-12
Anarchy Reigns,Beat 'em up,PlatinumGames,Sega,8-Jan-13
Ancients of Ooga,Platformer,NinjaBee,Microsoft Studios,30-Jun-10
Angry Birds Star Wars,Puzzle,"Rovio Entertainment, Exient Entertainment",Activision,29-Oct-13
Angry Birds Trilogy,Puzzle,Rovio Entertainment,Activision,25-Sep-12
Anna: Extended Edition,Action & Adventure,Dreampainters,Kasedo Games,26-Sep-14
Anomaly: Warzone Earth,Strategy & Simulation,11 bit studios,Microsoft Studios,6-Apr-12
Apache: Air Assault,Combat flight simulator,Gaijin Entertainment,Activision,16-Nov-10
Apocalypse: Desire Next,Strategy,Idea Factory,Idea Factory,Unreleased
Apples to Apples,Puzzle & Trivia,ImaginEngine,THQ,7-Dec-11
Aqua,Action & Adventure,Games Distillery,Microsoft Studios,19-May-10
AquaZone: Life Simulator,Simulation,Frontier Groove,Frontier Groove,Unreleased
Arcana Heart 3,Fighting,Examu,Arc System Works,Unreleased
Arcania: Gothic 4,Action role-playing,Spellbound Entertainment,JoWood,19-Oct-10
Are You Smarter Than a 5th Grader?:,Family & Educational,Blitz Games,THQ,29-Oct-08
Arkadian Warriors,Action & Adventure,Wanako Games,Activision,12-Dec-07
Arkanoid Live!,Puzzle & Trivia,Taito,Taito,6-May-09
Armored Core 4,Vehicular combat,FromSoftware,"Sega, 505 GamesEU, From SoftwareJP",20-Mar-07
Armored Core V,Vehicular combat,FromSoftware,Namco Bandai Games America,20-Mar-12
Armored Core: For Answer,Vehicular combat,FromSoftware,Sega,16-Sep-08
Armored Core: Verdict Day,Vehicular combat,FromSoftware,Namco Bandai,24-Sep-13
Army of Two,Third-person shooter,EA Montreal,Electronic Arts,6-Mar-08
Army of Two: The 40th Day,Third-person shooter,EA Montreal,Electronic Arts,12-Jan-10
Army of Two: The Devil's Cartel,Third-person shooter,Visceral Games,Electronic Arts,26-Mar-13
Ascend: Hand of Kul,Action & Adventure,Signal Studios,Microsoft Studios,25-Sep-13
Ashes Cricket 2009,Sports,Transmission Games,Codemasters,Unreleased
Assassin's Creed,"Action-adventure, stealth",Ubisoft Montreal,Ubisoft,13-Nov-07
Assassin's Creed II,"Action-adventure, stealth",Ubisoft Montreal,Ubisoft,17-Nov-09
Assassin's Creed III,"Action-adventure, stealth",Ubisoft Montreal,Ubisoft,30-Oct-12
Assassin's Creed IV: Black Flag,"Action-adventure, stealth",Ubisoft Montreal,Ubisoft,29-Oct-13
Assassin's Creed Rogue,"Action-adventure, stealth",Ubisoft Sofia,Ubisoft,11-Nov-14
Assassin's Creed: Brotherhood,"Action-adventure, stealth",Ubisoft Montreal,Ubisoft,16-Nov-10
Assassin's Creed: Liberation HD,Action & Adventure,Ubisoft Sofia,Ubisoft,15-Jan-14
Assassin's Creed: Revelations,"Action-adventure, stealth",Ubisoft Montreal,Ubisoft,15-Nov-11
Assault Heroes,Action & Adventure,Wanako Games,Microsoft Studios,13-Dec-06
Assault Heroes 2,Action & Adventure,Wanako Games,Vivendi Games,14-May-08
Asterix at the Olympic Games,Sports,Étranges Libellules,Atari,Unreleased
Asteroids/Asteroids Deluxe,Classics,Stainless Games,Atari,28-Nov-07
AstroPop,Puzzle & Trivia,PopCap Games,Microsoft Studios,22-Mar-06
Asura's Wrath,"Action, Beat 'em up",CyberConnect2,Capcom,21-Feb-12
A-Train HX,Train Sim,Artdink,"505 GamesEU, ArtdinkJP",Unreleased
Avatar: The Last Airbender – The Burning Earth[note 3],Action-adventure,THQ,THQ,19-Nov-07
Awesomenauts,Platformer,Ronimo Games,dtp entertainment,2-May-12
Axel & Pixel,Family & Educational,Silver Wish Games,2K Games,14-Oct-09
Babel Rising,Kinect,Mando Productions,Ubisoft,13-Jun-12
Back to the Future: The Game,Graphic adventure,Telltale Games,Telltale Games,13-Oct-15
Backbreaker,Sports,NaturalMotion,505 Games,1-Jun-10
Backbreaker: Vengeance,Sports & Recreation,NaturalMotion,505 Games,29-Jun-11
Backyard Football 2010,Sports,Farsight Studios,Atari,20-Oct-09
Backyard Sports: Rookie Rush,Sports,HB Studios,Atari,20-Oct-10
Backyard Sports: Sandlot Sluggers,Sports,HB Studios,Atari,25-May-10
Baja: Edge of Control,Racing,2XL Games,THQ,22-Sep-08
Bakugan Battle Brawlers,Action,NOW Production,Activision,20-Oct-09
Bakugan: Defenders of the Core,Action,NOW Production,Activision,26-Oct-10
Band Hero,Music,Neversoft,Activision,3-Nov-09
Band of Bugs,Strategy & Simulation,NinjaBee,Microsoft Studios,20-Jun-07
BandFuse: Rock Legends,Music,Realta Entertainment Group,Mastiff,19-Nov-13
Bang Bang Racing,Racing & Flying,Digital Reality,Digital Reality,6-Jun-12
Bangai-O HD: Missile Fury,Shooter,Treasure,D3 Publisher,4-May-11
Banjo Games Bundle,Action & Adventure,Rare/4J Studios,Microsoft Studios,9-Jul-14
Banjo-Kazooie,Classics,Rare/4J Studios,Microsoft Studios,3-Dec-08
Banjo-Kazooie: Nuts & Bolts,"Platformer, Construction and management simulation",Rare,Microsoft Game Studios,12-Nov-08
Banjo-Tooie,Classics,Rare/4J Studios,Microsoft Studios,29-Apr-09
Bankshot Billiards 2,Sports & Recreation,PixelStorm,Microsoft Studios,22-Nov-05
Barbie and Her Sisters: Puppy Rescue,Party Game,Little Orbit,Little Orbit,3-Nov-15
Bass Pro Shops: The Hunt,Hunting/Fishing,Piranha Games,XS Games,2-Jun-10
Bass Pro Shops: The Strike,Hunting/Fishing,Piranha Games,XS Games,6-Oct-09
Bastion,Role Playing,Supergiant Games,Warner Bros. Interactive Entertainment,20-Jul-11
Batman: Arkham Asylum,Action-adventure,Rocksteady Studios,Warner Bros. Interactive Entertainment,25-Aug-09
Batman: Arkham City,Action-adventure,Rocksteady Studios,Warner Bros. Interactive Entertainment,18-Oct-11
Batman: Arkham Origins,Action-adventure,WB Games Montréal,Warner Bros. Interactive Entertainment,25-Oct-13
Batman: Arkham Origins Blackgate - Deluxe Edition,Action & Adventure,Armature Studio,Warner Bros. Interactive Entertainment,1-Apr-14
Batman: The Telltale Series,Graphic adventure,Telltale Games,Telltale Games,13-Sep-16
Batman: The Telltale Series,Action & Adventure,Telltale Games,Telltale Games,13-Sep-16
Battle Academy,Strategy & Simulation,Slitherine,Slitherine,12-Dec-14
Battle Fantasia,Fighting,Arc System Works,Arc System Works,16-Sep-08
Battle vs. Chess,Board Game,"TopWare Interactive, Gaijin Entertainment",SouthPeak Games,Unreleased
Battle: Los Angeles,Action & Adventure,Live Action Studios,Konami,11-Mar-11
BattleBlock Theater,Action & Adventure,The Behemoth,Microsoft Studios,3-Apr-13
Battlefield 1943,Shooter,EA DICE,Electronic Arts,8-Jul-09
Battlefield 2: Modern Combat,First-person shooter,EA Digital Illusions CE,Electronic Arts,11-Apr-06
Battlefield 3,First-person shooter,EA Digital Illusions CE,Electronic Arts,25-Oct-11
Battlefield 4,First-person shooter,EA Digital Illusions CE,Electronic Arts,29-Oct-13
Battlefield Hardline,First-person shooter,Visceral Games,Electronic Arts,17-Mar-15
Battlefield: Bad Company,First-person shooter,EA Digital Illusions CE,Electronic Arts,23-Jun-08
Battlefield: Bad Company 2,First-person shooter,EA Digital Illusions CE,Electronic Arts,2-Mar-10
Battleship,First-person shooter,Double Helix Games,Activision,15-May-12
Battlestations: Midway,"Action, RTT",Eidos Interactive,"Eidos Interactive, Spike JP",30-Jan-07
Battlestations: Pacific,"Action, RTT",Eidos Interactive,Eidos Interactive,12-May-09
Battlezone,Classics,Stainless Games,Atari,16-Apr-08
Bayonetta,"Action, hack and slash",PlatinumGames,Sega,5-Jan-10
Be a Hero Bundle,Action & Adventure,Misc,Microsoft Studios,26-Jul-13
Beat'n Groovy,Action & Adventure,"Voltex, Inc.",Konami,8-Oct-08
Beautiful Katamari[note 4],"Puzzle, Action, Third-person",Namco Bandai Games,Namco Bandai Games,16-Oct-07
Beautiful Puzzle Pack,Puzzle & Trivia,Misc,Microsoft Studios,15-Jul-13
Bee Movie Game,"Action, Adventure",Beenox,Activision,30-Oct-07
Beijing 2008,Sports,Eurocom,Sega,8-Jul-08
Bejeweled 2,Puzzle & Trivia,PopCap Games,Microsoft Studios,22-Nov-05
Bejeweled 3,Puzzle,PopCap Games,PopCap Games,15-Nov-11
Bejeweled 3,Puzzle & Trivia,PopCap Games,PopCap Games,19-Oct-11
Bejeweled Blitz Live,Puzzle & Trivia,PopCap Games,PopCap Games,23-Feb-11
Bellator: MMA Onslaught,Fighting,Kung Fu Factory,345 Games,4-Jul-12
Ben 10 Alien Force: The Rise of Hex,Action & Adventure,Black Lantern Studios,Konami,26-May-10
Ben 10 Alien Force: Vilgax Attacks,Action,Papaya Studio,D3 Publisher,27-Oct-09
Ben 10 Ultimate Alien: Cosmic Destruction,Action-adventure,Papaya Studio,D3 Publisher,19-Oct-10
Ben 10: Galactic Racing,Racing,Monkey Bar Games,D3 Publisher,18-Oct-11
Ben 10: Omniverse,"Action, Beat 'em up",Vicious Cycle Software,D3 Publisher,13-Nov-12
Ben 10: Omniverse 2,"Action, Beat 'em up",High Voltage Software,D3 Publisher,5-Nov-13
Beowulf: The Game,"Action, Hack & Slash",Ubisoft,Ubisoft,13-Nov-07
Beyond Good & Evil HD,,Ubisoft Shanghai,Ubisoft,2-Mar-11
Big Bumpin',"Racing, Action",Blitz Games,King Games,19-Nov-06
Big League Sports,Sports,Koolhaus Games,Activision,8-Nov-11
Binary Domain,Third-person shooter,Ry? ga Gotoku Studios,Sega,28-Feb-12
Bionic Commando,"Action-adventure, third-person shooter",GRIN,Capcom,19-May-09
Bionic Commando Rearmed,Action & Adventure,GRIN,Capcom,13-Aug-08
Bionic Commando Rearmed 2,Action & Adventure,Fatshark,Capcom,2-Feb-11
Bionicle Heroes,Third-person shooter,Traveller's Tales,Eidos Interactive,15-Nov-06
BioShock,First-person shooter,2K Boston/2K Australia,"2K Games, SpikeJP",21-Aug-07
BioShock 2,First-person shooter,2K Marin,2K Games,9-Feb-10
BioShock Infinite,First-person shooter,Irrational Games,2K Games,26-Mar-13
Birds of Steel,Combat flight simulator,Gaijin Entertainment,Konami,13-Mar-12
Black College Football: The Xperience,Sports,Nerjyzed Entertainment,Aspyr,29-Sep-09
Black Knight Sword,Action & Adventure,Grasshopper Manufacture,D3 Publisher,12-Dec-12
Blacklight: Tango Down,Shooter,Zombie Studios,Ignition Entertainment,7-Jul-10
BlackSite: Area 51,First-person shooter,Midway Games,Midway Games,12-Nov-07
Blackwater,First-person shooter,Zombie Studios,505 Games,25-Oct-11
Blade Kitten,Action & Adventure,Krome Studios,Atari,22-Sep-10
Blades of Time,"Action, hack and slash",Gaijin Entertainment,Konami,6-Mar-12
Bladestorm: The Hundred Years' War,RTT,Omega Force,Koei,6-Nov-07
BlazBlue: Calamity Trigger,Fighting,Arc System Works,Arc System Works,30-Jul-09
BlazBlue: Continuum Shift,Fighting,Arc System Works,Arc System Works,27-Jul-10
BlazBlue: Continuum Shift Extend,Fighting,Arc System Works,Arc System Works,14-Feb-12
Blazing Angels 2: Secret Missions of WWII,Combat flight simulator,Ubisoft Bucharest,Ubisoft,18-Sep-07
Blazing Angels: Squadrons of WWII,Combat flight simulator,Ubisoft Bucharest,Ubisoft,23-Mar-06
Blazing Birds,Sports & Recreation,Vector 2 Games,Microsoft Studios,20-May-09
Bliss Island,Puzzle & Trivia,PomPom Games,Codemasters,12-Mar-08
Blitz: The League,Sports,Midway Games,Midway Games,13-Nov-06
Blitz: The League II,Sports,Midway Games,Midway Games,13-Oct-08
Blood Bowl,"Sports, RTS, Turn-based strategy",Cyanide,Focus Home Interactive,26-Jan-10
Blood Drive,Vehicular Combat,Sidhe,Activision,2-Nov-10
Blood Knights,Action & Adventure,Deck13 Interactive,Kalypso Media,1-Nov-13
Blood of the Werewolf,Platformer,Scientifically Proven,Midnight City,11-Jun-14
Bloodforge,Action & Adventure,Climax Studios,Microsoft Studios,25-Apr-12
BloodRayne: Betrayal,Platformer,WayForward Technologies,Majesco Entertainment,7-Sep-11
Bloody Good Time,Shooter,Outerlight,Ubisoft,28-Oct-10
Blue Dragon,Role-playing,Mistwalker,Microsoft Game Studios,28-Aug-07
"Bluecoats: North vs South, TheThe Bluecoats: North vs South",Strategy & Simulation,Anuman,Bandai Namco Entertainment,13-Sep-16
Blur,"Racing, vehicular combat",Bizarre Creations,Activision,25-May-10
Body and Brain Connection,,Namco Bandai Games,Namco Bandai Games,8-Feb-11
Bodycount,First-person shooter,Guildford Studio,Codemasters,30-Aug-11
Bolt,Adventure,Avalanche Software,Disney Interactive Studios,18-Nov-08
Bomberman Live,Action & Adventure,Backbone Entertainment,Hudson Soft,18-Jul-07
Bomberman Live: Battlefest,Action & Adventure,Pi Studios,Hudson Soft,8-Dec-10
Bomberman: Act Zero,Action,Hudson Soft,"Konami, Hudson SoftJP",29-Aug-06
Boogie Bunnies,Puzzle & Trivia,Artech Digital Entertainment,Vivendi Games,16-Jan-08
Boom Boom Rocket,Action & Adventure,Bizarre Creations,Electronic Arts,11-Apr-07
Borderlands 2,"Action role-playing, first-person shooter",Gearbox Software,2K Games,18-Sep-12
Borderlands 2 Add-On Pack Version 2.0,"Action role-playing, first-person shooter",Gearbox Software,2K Games,26-Feb-13
Borderlands: The Pre-Sequel,"Action role-playing, first-person shooter",2K Australia,2K Games,14-Oct-14
Borderlands[note 5][note 6],"Action role-playing, first-person shooter",Gearbox Software,2K Games,20-Oct-09
Boulder Dash-XL,Puzzle & Trivia,Catnip Games,Kalypso Media,13-Jul-11
Bound by Flame,Action role-playing,Spiders,Focus Home Interactive,9-May-14
Braid,Action & Adventure,"Number None, Inc.",Microsoft Studios,6-Aug-08
Brain Challenge,Puzzle & Trivia,Gameloft,Microsoft Studios,12-Mar-08
Brave,Action-adventure,Behaviour Interactive,Disney Interactive Studios,19-Jun-12
Brave: A Warrior's Tale,Action-adventure,Collision Studios,SouthPeak Games,4-Aug-09
Breach,Shooter,Atomic Games,Atomic Games,26-Jan-11
Brian Lara International Cricket 2007,Sports,Codemasters,Codemasters,Unreleased
"Bridge, TheThe Bridge",Puzzle & Trivia,Ty Taylor and Mario Castañeda,Midnight City,13-Nov-13
Brink,First-person shooter,Splash Damage,Bethesda Softworks,10-May-11
Brothers in Arms: Hell's Highway,First-person shooter,Gearbox Software,Ubisoft,23-Sep-08
Brothers: A Tale of Two Sons,Action & Adventure,Starbreeze Studios,505 Games,7-Aug-13
Brunswick Pro Bowling,,FarSight Studios,"Crave Entertainment, 505 Games",15-Feb-11
Brütal Legend,"Action-adventure, RTS",Double Fine Productions,Electronic Arts,13-Oct-09
Bubble Bobble Neo!,Action & Adventure,"Dreams, Inc.",Square Enix,16-Sep-09
Buku Sudoku,Puzzle & Trivia,Absolutist,Microsoft Studios,28-May-08
Bullet Soul,Shoot 'em up,5pb.,5pb.,16-Sep-16
Bullet Soul: Infinite Burst,Shoot 'em up,5pb.,5pb.,1-Nov-16
Bullet Witch,Third-person shooter,Cavia,"Atari, AQ InteractiveJP",27-Feb-07
Bulletstorm,First-person shooter,People Can Fly,Electronic Arts,22-Feb-11
Bully: Scholarship Edition,Action-adventure,Rockstar New England,Rockstar Games,4-Mar-08
BurgerTime World Tour,Platformer,Frozen Codebase,Konami,2-Nov-11
Burnout Crash!,Action & Adventure,Criterion Games,Electronic Arts,21-Sep-11
Burnout Paradise,Racing,Criterion Games,Electronic Arts,22-Jan-08
Burnout Revenge,Racing,Criterion Games,Electronic Arts,7-Mar-06
Cabela's Adventure Camp,Hunting/Fishing,Cauldron,Activision,1-Nov-11
Cabela's African Adventures,Hunting/Fishing,Fun Labs,Activision,15-Oct-13
Cabela's African Safari,Hunting/Fishing,Fun Labs,Activision,21-Nov-06
Cabela's Alaskan Adventures,Hunting/Fishing,Fun Labs,Activision,19-Sep-06
Cabela's Big Game Hunter,Hunting/Fishing,Fun Labs,Activision,6-Nov-07
Cabela's Big Game Hunter 2010,Hunting/Fishing,Cauldron,Activision,22-Sep-09
Cabela's Big Game Hunter 2012,Hunting/Fishing,Cauldron,Activision,27-Sep-11
Cabela's Big Game Hunter Pro Hunts,Hunting/Fishing,Cauldron,Activision,25-Mar-14
Cabela's Big Game Hunter: Hunting Party,Hunting/Fishing,Activision,Activision,1-Nov-11
Cabela's Dangerous Hunts 2009,Hunting/Fishing,Fun Labs,Activision,23-Sep-08
Cabela's Dangerous Hunts 2011,Hunting/Fishing,Cauldron,Activision,26-Oct-10
Cabela's Dangerous Hunts 2013,Hunting/Fishing,Cauldron,Activision,23-Oct-12
Cabela's Hunting Expeditions,Hunting/Fishing,Fun Labs,Activision,23-Oct-12
Cabela's North American Adventures,Hunting/Fishing,Fun Labs,Activision,14-Sep-10
Cabela's Outdoor Adventures,Hunting/Fishing,Activision,Activision,9-Sep-09
Cabela's Survival: Shadows of Katmai,Hunting/Fishing,Fun Labs,Activision,1-May-12
Cabela's Trophy Bucks,Hunting/Fishing,Fun Labs,Activision,25-Sep-07
Call of Duty 2[note 7],First-person shooter,Infinity Ward,Activision,"November 22, 2005[1]"
Call of Duty 3,First-person Shooter,Treyarch,Activision,7-Nov-06
Call of Duty 4: Modern Warfare,First-person Shooter,Infinity Ward,Activision,5-Nov-07
Call of Duty: Advanced Warfare,First-person Shooter,"Sledgehammer Games, High Moon Studios",Activision,4-Nov-14
Call of Duty: Black Ops,First-person Shooter,Treyarch,Activision,10-Nov-10
Call of Duty: Black Ops II,First-person Shooter,Treyarch,Activision,13-Nov-12
Call of Duty: Black Ops III,First-person Shooter,"Treyarch, Beenox",Activision,6-Nov-15
Call of Duty: Classic,Classics,Infinity Ward,Activision,2-Dec-09
Call of Duty: Ghosts,First-person Shooter,Infinity Ward,"Activision, Square EnixJP",5-Nov-13
Call of Duty: Modern Warfare 2,First-person Shooter,Infinity Ward,Activision,10-Nov-09
Call of Duty: Modern Warfare 3,First-person Shooter,"Infinity Ward, Sledgehammer Games",Activision,8-Nov-11
Call of Duty: World at War,First-person Shooter,Treyarch,Activision,11-Nov-08
Call of Juarez,"First-person Shooter, Western",Techland,Ubisoft,5-Jun-07
Call of Juarez: Bound in Blood,"First-person Shooter, Western",Techland,Ubisoft,30-Jun-09
Call of Juarez: Gunslinger,Shooter,Techland,Ubisoft,22-May-13
Call of Juarez: The Cartel,"First-person Shooter, Western",Techland,Ubisoft,19-Jul-11
"Capcom Arcade Cabinet (Includes 1943, Avengers, and Black Tiger), (1942, 1943 Kai, Commando, Exed Exes, Ghosts 'n Goblins, Gun.Smoke, Hyper Dyne Side Arms, Legendary Wings, Pirate Ship Higemaru, Section Z, SonSon, The Speed Rumbler, Trojan, Vulgus as DLC)",Classics,"Capcom, M2",Capcom,20-Feb-13
Capcom Digital Collection[note 8],Compilation,Capcom,Capcom,27-Mar-12
Capsized,Action & Adventure,Alientrap,Namco Bandai Games,5-Jul-13
Captain America: Super Soldier,Action,Next Level Games,Sega,19-Jul-11
Carcassonne,Card & Board,Sierra Entertainment,Microsoft Studios,27-Jun-07
"Carnival Games: Monkey See, Monkey Do",,Cat Daddy Games,2K Play,5-Apr-11
Carrier Command: Gaea Mission,"Real-time strategy, Action",Bohemia Interactive,"Bohemia Interactive, Mastertronic, Rising Star Games",28-Sep-12
Cars,"Racing, Adventure",Rainbow Studios,THQ,23-Oct-06
Cars 2,"Racing, Adventure",Avalanche Software,Disney Interactive Studios,21-Jun-11
Cars 3: Driven to Win,"Racing, Adventure",Avalanche Software,Warner Bros. Interactive Entertainment,13-Jun-17
Cars Mater-National Championship,Racing,Rainbow Studios,THQ,29-Oct-07
Cars Race-O-Rama,Racing,Rainbow Studios,THQ,13-Oct-09
Cartoon Network: Punch Time Explosion,Fighting,Papaya Studio,"Crave Entertainment US, Deep Silver UK",15-Nov-11
Castle Crashers,Role Playing,The Behemoth,Microsoft Studios,27-Aug-08
Castle of Illusion Starring Mickey Mouse,Action & Adventure,Sega Studios Australia,Sega,4-Sep-13
CastleStorm,Strategy & Simulation,Zen Studios,Microsoft Studios,29-May-13
Castlevania:,Action & Adventure,MercurySteam,Konami,25-Oct-13
Castlevania: Harmony of Despair,Action & Adventure,Konami,Konami,4-Aug-10
Castlevania: Lords of Shadow,"Action-adventure, Platformer","MercurySteam, Kojima Productions",Konami,5-Oct-10
Castlevania: Lords of Shadow 2,"Action-adventure, Platformer","MercurySteam, Kojima Productions",Konami,25-Feb-14
Castlevania: Lords of Shadow Collection,"Action-adventure, Platformer","MercurySteam, Kojima Productions",Konami,5-Nov-13
Castlevania: Symphony of the Night,Classics,Konami/Digital Eclipse,Konami,21-Mar-07
Catan,Card & Board,Big Huge Games,Microsoft Studios,2-May-07
Catherine,"Puzzle Platform, Survival Horror, Adult",Atlus Persona Team,Atlus,26-Jul-11
"Cave, TheThe Cave",Action & Adventure,Double Fine Productions,Sega,23-Jan-13
CellFactor: Psychokinetic Wars,Shooter,Immersion Games/Timeline Interactive,Ubisoft,3-Jun-09
Centipede & Millipede,Classics,Stainless Games/Atari,Atari,2-May-07
Champion Jockey: G1 Jockey & Gallop Racer,,Koei,Tecmo Koei,Unreleased
Championship Manager 2007,"Sports, Sports Management",Beautiful Game,Eidos Interactive,Unreleased
Chaos;Head Love Chu Chu!,"Visual Novel, Romantic Comedy",5pb.,5pb.,Unreleased
Chaos;Head Noah,Visual Novel,5pb.,5pb.,Unreleased
Chaotic: Shadow Warriors,Action,Activision,Activision,10-Nov-09
Chapter I: A Knight to Remember,,,,
Charlie Murder,Fighting,Ska Studios,Microsoft Studios,14-Aug-13
Chessmaster Live,Card & Board,Ubisoft,Ubisoft,30-Jan-08
Child of Eden,"Rail Shooter, Music",Q Entertainment,Ubisoft,14-Jun-11
Child of Light,Role Playing,Ubisoft Montreal,Ubisoft,30-Apr-14
Chime,Puzzle & Trivia,Zoë Mode,Valcon Games,3-Feb-10
Chivalry: Medieval Warfare,Fighting,Torn Banner Studios,Activision,3-Dec-14
Choplifter HD,Action & Adventure,InXile Entertainment,Konami,11-Jan-12
Chromehounds,Tank & Mecha Sim,From Software,Sega,11-Jul-06
Civilization Revolution,Turn-based Strategy,Firaxis Games,2K Games,8-Jul-08
Clannad,Visual Novel,Key,Prototype,Unreleased
Clash of the Titans,Action-adventure,Namco Bandai Games,Namco Bandai Games,27-Jul-10
Clive Barker's Jericho,"First-person Shooter, Survival Horror",Codemasters,Codemasters,23-Oct-07
Cloning Clyde,Platformer,NinjaBee,Microsoft Studios,19-Jul-06
Cloudberry Kingdom,Platformer,Pwnee Studios,Ubisoft,31-Jul-13
Cloudy with a Chance of Meatballs,Platform,Ubisoft Shanghai,Ubisoft,18-Sep-09
Cobalt,Puzzle & Trivia,Oxeye Game Studio,Microsoft Studios,2-Feb-16
code 18,Visual novel,CyberFront,CyberFront,Unreleased
Coffeetime Crosswords,Puzzle & Trivia,"Voltex, Inc.",Konami,16-Jul-08
Colin McRae: DiRT,Racing,Codemasters,Codemasters,19-Jun-07
Colin McRae: DiRT 2,Racing,Codemasters,Codemasters,8-Sep-09
College Hoops 2K6,Sports,Visual Concepts,2K Sports,7-Mar-06
College Hoops 2K7,Sports,Visual Concepts,2K Sports,20-Nov-06
College Hoops 2K8,Sports,Visual Concepts,2K Sports,19-Nov-07
Comic Jumper:,Platformer,Twisted Pixel Games,Microsoft Studios,6-Oct-10
Comix Zone,Classics,Backbone Entertainment,Sega,10-Jun-09
Command & Conquer 3: Kane's Wrath,RTS,EA Los Angeles,Electronic Arts,23-Jun-08
Command & Conquer 3: Tiberium Wars,RTS,EA Los Angeles,Electronic Arts,8-May-07
Command & Conquer: Red Alert 3,RTS,EA Los Angeles,Electronic Arts,11-Nov-08
Command & Conquer: Red Alert 3 – Commander's Challenge,Strategy & Simulation,EA Los Angeles,Electronic Arts,16-Sep-09
Commanders: Attack of the Genos,Platformer,Southend Interactive,Activision,13-Feb-08
Conan,"Action-adventure, Platformer",Nihilistic Software,THQ,23-Oct-07
Condemned 2: Bloodshot,Survival Horror,Monolith Productions,Sega,11-Mar-08
Condemned: Criminal Origins[note 9],Survival horror,Monolith Productions,Sega,"November 22, 2005[1]"
Conflict: Denied Ops,Tactical Shooter,Pivotal Games,Eidos Interactive,12-Feb-08
Constant C,Platformer,International Games System,Mages,12-Mar-14
Contra,Classics,Konami/Digital Eclipse,Konami,8-Nov-06
Contrast,Action & Adventure,Compulsion Games,Focus Home Interactive,15-Nov-13
Costume Quest,Action & Adventure,Double Fine Productions,THQ,20-Oct-10
Costume Quest 2,Action & Adventure,Double Fine Productions,Midnight City,29-Oct-14
Counter-Strike: Global Offensive,Shooter,Valve Corporation,Valve Corporation,22-Aug-12
Country Dance All Stars,,High Voltage Software,GameMill Entertainment,27-Mar-12
Crackdown,"Third-person Shooter, Action-adventure, Open World",Real Time Worlds,Microsoft Game Studios,20-Feb-07
Crackdown 2,"Third-person Shooter, Open World",Ruffian Games,Microsoft Game Studios,6-Jul-10
Crash of the Titans,Platform,Radical Entertainment,Vivendi Games,4-Oct-07
Crash Time II: Burning Wheels,Racing Mission,Synetic,RTL Games,Unreleased
Crash Time III: Highway Nights,Racing Mission,Synetic,RTL Games,Unreleased
Crash Time IV: The Syndicate,Racing Mission,Synetic,dtp entertainment,Unreleased
Crash Time V: Undercover,Racing Mission,Synetic,dtp entertainment,Unreleased
Crash Time: Autobahn Pursuit,Racing Mission,Synetic,"Crave Entertainment, RTL GamesEU",22-Aug-08
Crash: Mind over Mutant,Platform,Radical Entertainment,Activision,7-Oct-08
Crazy Machines Elements,Puzzle & Trivia,FAKT Software,dtp entertainment,24-Aug-11
Crazy Taxi,Racing & Flying,Hitmaker,Sega,24-Nov-10
CrazyMouseCrazyMouse,Action & Adventure,Ultizen Games,Microsoft Studios,15-Oct-08
Create,Open World,EA Bright Light,Electronic Arts,16-Nov-10
Crimson Alliance,Role Playing,Certain Affinity,Microsoft Studios,7-Sep-11
Cross Edge Dash,,Compile Heart,Compile Heart,Unreleased
Crysis,First-person Shooter,Crytek,Electronic Arts,4-Oct-11
Crysis 2,First-person Shooter,Crytek,Electronic Arts,22-Mar-11
Crysis 3,First-person Shooter,Crytek,Electronic Arts,19-Feb-13
Crystal Defenders,Strategy & Simulation,Square Enix,Square Enix,11-Mar-09
Crystal Quest,Shooter,Stainless Games,Microsoft Studios,7-Feb-06
CSI: Deadly Intent,Adventure,Telltale Games,Ubisoft,27-Oct-09
CSI: Fatal Conspiracy,Adventure,Telltale Games,Ubisoft,26-Oct-10
CSI: Hard Evidence,Adventure,Telltale Games,Ubisoft,25-Sep-07
Culdcept Saga,"Board Game, Card Based","Omiya Soft, Jamsworks",Namco Bandai Games,5-Feb-08
Cyber Troopers Virtual-On Force,"Tank & Mecha Sim, Action",Hitmaker,Sega,Unreleased
Cyber Troopers Virtual-On Oratorio Tangram,Classics,Sega AM2,Sega,29-Apr-09
Cyberball 2072,Classics,Midway Games/,Midway Games,5-Sep-07
Damage Inc. Pacific Squadron WW2,Combat Flight Simulator,Trickstar Games,Mad Catz Interactive,28-Aug-12
Damnation,Third-person Shooter,Blue Omega,Codemasters,26-May-09
Dance Central,,Harmonix Music Systems,MTV Games,4-Nov-10
Dance Central 2,,Harmonix Music Systems,MTV Games,25-Oct-11
Dance Central 3,,Harmonix Music Systems,MTV Games and Microsoft Studios,16-Oct-12
Dance Dance Revolution,Music,Konami Digital Entertainment,Konami,12-Apr-11
Dance Dance Revolution Universe,Music,Konami Digital Entertainment,Konami,2-Feb-07
Dance Dance Revolution Universe 2,Music,Konami Digital Entertainment,Konami,4-Dec-07
Dance Dance Revolution Universe 3,Music,Konami Digital Entertainment,Konami,14-Oct-08
Dance Evolution,,Konami,Konami,Unreleased
Dance Paradise,,Mindscape,Universal Music,15-Feb-11
Dance! It's Your Stage,Family & Educational,Sproing,dtp entertainment,8-Sep-09
Dancing Stage Universe,Music,Konami GmbH,Konami GmbH,Unreleased
Dancing Stage Universe 2,Music,Konami GmbH,Konami GmbH,Unreleased
Dante's Inferno,"Platformer, Hack & Slash, Action-adventure, Third-person",EA Redwood Shores,Electronic Arts,9-Feb-10
Dark,"Stealth, Action RPG",Realmforge Studios,Kalypso Media,9-Jul-13
Dark Messiah of Might and Magic: Elements,"First-person Shooter, Action RPG",Ubisoft Annecy,Ubisoft,12-Feb-08
Dark Sector,"Third-person Shooter, Action",Digital Extremes,D3 Publisher,25-Mar-08
Dark Souls,Action RPG,FromSoftware,"Namco Bandai Games, From SoftwareJP",4-Oct-11
Dark Souls II,Action RPG,FromSoftware,"Namco Bandai Games, From SoftwareJP",11-Mar-14
Dark Void,"Third-person Shooter, action-adventure",Airtight Games,Capcom,19-Jan-10
Darkest of Days,First-person Shooter,8monkey Labs,Phantom EFX,8-Sep-09
Darksiders,"Hack & Slash, Action-adventure",Vigil Games,THQ,5-Jan-10
Darksiders II,"Hack & Slash, Action-adventure",Vigil Games,THQ,14-Jul-12
Darkstalkers Resurrection (Night Warriors: Darkstalkers' Revenge and Darkstalkers 3),Fighting,Iron Galaxy,Capcom,13-Mar-13
DarkStar One: Broken Alliance,Space Combat Sim,Gaming Minds Studio,Kalypso Media,20-Jul-10
Darwinia+,Action & Adventure,Introversion Software,Microsoft Studios,10-Feb-10
Dash of Destruction,Racing & Flying,NinjaBee,NinjaBee,17-Dec-08
Days of Thunder: Arcade,Racing & Flying,Piranha Games,Paramount Digital Entertainment,25-Feb-11
Daytona USA,Racing & Flying,Sega,Sega,26-Oct-11
de Blob 2,"Puzzle, Platform",Blue Tongue Entertainment,THQ,22-Feb-11
Dead Block,Action & Adventure,Candygun Games,Bandai Namco Entertainment,6-Jul-11
Dead Island,"First-person Shooter, Survival Horror, Open World",Techland,Deep Silver,6-Sep-11
Dead Island: Riptide,"First-person Shooter, Survival Horror, Open World",Techland,Deep Silver,23-Apr-13
Dead or Alive 4,Fighting,Team Ninja,Tecmo,29-Dec-05
Dead or Alive 5,Fighting,Team Ninja,Tecmo Koei,25-Sep-12
Dead or Alive 5 Ultimate,Fighting,Team Ninja,Tecmo Koei,3-Sep-13
Dead or Alive Xtreme 2,Sports,Team Ninja,Tecmo,13-Nov-06
Dead Rising,"Action-adventure, Survival Horror, Open World",Capcom,Capcom,8-Aug-06
Dead Rising 2,"Action-adventure, Survival Horror","Blue Castle, Capcom",Capcom,28-Sep-10
Dead Rising 2: Case West,Action & Adventure,Blue Castle Games,Capcom,27-Dec-10
Dead Rising 2: Case Zero,Action & Adventure,Blue Castle Games,Capcom,31-Aug-10
Dead Rising 2: Off the Record,"Action-adventure, Survival Horror",Capcom Vancouver,Capcom,11-Oct-11
Dead Space,"Third-person Shooter, Survival Horror",EA Redwood Shores,Electronic Arts,14-Oct-08
Dead Space 2,"Third-person Shooter, Survival Horror",Visceral Games,Electronic Arts,25-Jan-11
Dead Space 3,"Third-person Shooter, Survival Horror",Visceral Games,Electronic Arts,5-Feb-13
Dead Space Ignition,Action & Adventure,Sumo Digital,Electronic Arts,13-Oct-10
Dead to Rights: Retribution,Action,Volatile Games,Namco Bandai Games,27-Apr-10
Deadfall Adventures,"First-person shooter, Action-adventure",The Farm 51,Nordic Games,15-Nov-13
Deadliest Catch: Alaskan Storm,"Sim, God Game",Liquid Dragon Studios,Greenwave Games,16-Jun-08
Deadliest Catch: Sea of Chaos,"Sim, God Game",DoubleTap Games,Crave Entertainment,29-Nov-10
Deadliest Warrior: Ancient Combat,Fighting game,Pipeworks Software,345 Games,17-Apr-12
Deadliest Warrior: Battlegrounds,Action & Adventure,Hardsuit Labs,Spike,22-Jul-15
Deadliest Warrior: Legends,Fighting,Pipeworks Software,345 Games/Spike,6-Jul-11
Deadliest Warrior: The Game,Fighting,Pipeworks Software,Spike,14-Jul-10
Deadlight,Action & Adventure,Tequila Works,Microsoft Studios,1-Aug-12
Deadly Premonition[note 10],"Survival Horror, Open World",Access Games,UTV Ignition Entertainment,23-Feb-10
Deadpool,"Third-person Shooter, Fighting",High Moon Studios,Activision,25-Jun-13
Death By Cube,Action & Adventure,Premium Agency,Square Enix,20-Jan-10
Death Tank,Shooter,Snowblind Studios,Microsoft Studios,18-Feb-09
DeathSmiles,Bullet Hell,Cave,"Aksys GamesNA, CaveJP",29-Jun-10
DeathSmiles II,Bullet Hell,Cave,Cave,Unreleased
DeathSpank,Role Playing,Hothead Games,Electronic Arts,14-Jul-10
Deathspank 2011Deathspank: The Baconing,Role Playing,Hothead Games,Valcon Games,31-Aug-11
DeathSpank: Thongs of Virtue,Role Playing,Hothead Games,Electronic Arts,22-Sep-10
Deca Sports Freedom,,Hudson Soft,Konami,18-Nov-10
Deep Black: Episode 1,Action & Adventure,Biart,505 Games,25-Apr-12
Deepak Chopra’s Leela,,THQ,THQ,5-Jun-12
Def Jam Rapstar,"Music, Sim",4mm Games,Konami,5-Oct-10
Def Jam: Icon,Fighting,EA Chicago,Electronic Arts,6-Mar-07
Defender,Classics,Midway Games/,Midway Games,15-Nov-06
Defenders of Ardania,Strategy & Simulation,Most Wanted Entertainment,Deep Silver/,14-Mar-12
Defense Grid: The Awakening,Strategy & Simulation,Hidden Path Entertainment,Microsoft Studios,2-Sep-09
Defense Technica,Strategy & Simulation,Kuno Interactive,Cyberfront Korea Corporation,23-Apr-14
Defiance,"Third-person Shooter, RPG",Trion Worlds,Trion Worlds,2-Apr-13
Destiny,"Action role-playing, First-Person Shooter",Bungie,Activision,9-Sep-14
Destroy All Humans! Path of the Furon,"Third-person Shooter, Adventure",Sandblast Games,THQ,1-Dec-08
Deus Ex: Human Revolution,"Action RPG, Stealth game",Eidos Montréal,Square Enix,23-Aug-11
Deus Ex: Human Revolution Director's Cut,"Action RPG, Stealth game",Eidos Montréal,Square Enix,22-Nov-13
Devil May Cry 4,"Hack & Slash, Action",Capcom,Capcom,5-Feb-08
Devil May Cry HD Collection[note 11],"Hack & Slash, Action",Capcom,Capcom,3-Apr-12
Diablo III,Action RPG,Blizzard Entertainment,Blizzard Entertainment,3-Sep-13
Diablo III: Reaper of Souls,Action RPG,Blizzard Entertainment,Blizzard Entertainment,19-Aug-14
Diabolical Pitch,Kinect,Grasshopper Manufacture,Microsoft Studios,4-Apr-12
Diario: Rebirth Moon Legend,RPG,Idea Factory,Idea Factory,Unreleased
Dig Dug,Classics,Bandai Namco Entertainment,Bandai Namco Entertainment,11-Oct-06
Digimon All-Star Rumble,,Bandai Namco Games,Bandai Namco Games,11-Nov-14
Diner Dash,Puzzle & Trivia,GameLab,Hudson Soft,18-Nov-09
DiRT 1DiRT (a.k.a. Colin McRae: DiRTEU),Racing,Codemasters,Codemasters,19-Jun-07
DiRT 2DiRT 2 (a.k.a. Colin McRae: DiRT 2EU),Racing,Codemasters,Codemasters,8-Sep-09
DiRT 3,Racing,Codemasters,Codemasters,24-May-11
DiRT: Showdown,Racing,Codemasters Southam,Codemasters,12-Jun-12
Discs of Tron,Classics,Midway Games/,Disney Interactive Studios,13-Feb-08
Dishonored[note 12],Action,Arkane Studios,Bethesda Softworks,9-Oct-12
"Dishwasher: Dead Samurai, TheThe Dishwasher: Dead Samurai",Action & Adventure,Ska Studios,Microsoft Studios,1-Apr-09
"Dishwasher: Vampire Smile, TheThe Dishwasher: Vampire Smile",Action & Adventure,Ska Studios,Microsoft Studios,6-Apr-11
Disney Infinity,Action-adventure,Avalanche Software,Disney Interactive Studios,18-Aug-13
Disney Sing It,Music,Zoë Mode,Disney Interactive Studios,21-Oct-08
Disney Sing It! – High School Musical 3: Senior Year,Music,Zoë Mode,Disney Interactive Studios,17-Feb-09
Disney Universe,Fantasy,Eurocom,Disney Interactive Studios,25-Oct-11
Divinity II: Ego Draconis,Action RPG,Larian Studios,CDV Software Entertainment,5-Jan-10
Divinity II: The Dragon Knight Saga,Action RPG,Larian Studios,Atlus,12-Apr-11
DJ Hero,Music,FreeStyleGames,Activision,27-Oct-09
DJ Hero 2,Music,FreeStyleGames,Activision,19-Oct-10
DmC: Devil May Cry,"Hack & Slash, Action",Ninja Theory,Capcom,15-Jan-13
DoDonPachi Dai Ou Jou Black Label Extra,Bullet Hell,Cave,5pb.,Unreleased
Do-Don-Pachi Dai-Fukkatsu[note 13],Bullet Hell,Cave,Cave,Unreleased
Dogfight 1942,Racing & Flying,CI Games,CI Games,5-Sep-12
Dollar Dash,Action & Adventure,Candygun Games,Kalypso Media,6-Mar-13
Domino Master,Card & Board,TikGames,Microsoft Studios,17-Sep-08
Don Bradman Cricket 14,Sports,Big Ant Studios,Tru Blu Entertainment,Unreleased
Don King Presents: Prizefighter,Sports,Venom Games,2K Sports,10-Jun-08
Doodle Jump for Kinect,Kinect,Lima Sky,D3 Publisher,28-Jun-13
Doom,Shooter,id Software,Bethesda Softworks,27-Sep-06
Doom 3 BFG Edition,First-person Shooter,id Software,Bethesda Softworks,16-Oct-12
Doom II: Hell on Earth,Shooter,id Software,Bethesda Softworks,26-May-10
Doritos Crash Course,Platformer,Wanako Games,Microsoft Studios,8-Dec-10
Doritos Crash Course 2,Platformer,BHVR,Microsoft Studios,8-May-13
Double D Dodgeball,Sports & Recreation,Yuke's,Yuke's,16-Jul-08
Double Dragon,Classics,Razerworks,Empire Interactive,9-May-07
Double Dragon II: Wander of the Dragons,Action & Adventure,Gravity Interactive,Barunson,5-Apr-13
Double Dragon Neon,Action & Adventure,WayForward Technologies,Majesco Entertainment,12-Sep-12
Double Fine Happy Action Theater,Kinect,Double Fine Productions,Microsoft Studios,1-Feb-12
Dragon Age II,Action RPG,BioWare,Electronic Arts,8-Mar-11
Dragon Age: Inquisition,Action RPG,BioWare,Electronic Arts,18-Nov-14
Dragon Age: Origins,RPG,BioWare,Electronic Arts,3-Nov-09
Dragon Age: Origins – Awakening,RPG,BioWare,Electronic Arts,16-Mar-10
Dragon Ball XenoVerse,Fighting-Action,Dimps,Namco Bandai Games,24-Feb-15
Dragon Ball Z for Kinect,Fighting,Spike,Namco Bandai Games,9-Oct-12
Dragon Ball Z: Battle of Z,Fighting,Artdink,Namco Bandai Games,28-Jan-14
Dragon Ball Z: Budokai HD Collection remaster of Budokai & Budokai 3,Fighting,Spike,Namco Bandai Games,2-Nov-10
Dragon Ball Z: Burst Limit,Fighting,Dimps,Namco Bandai Games,10-Jun-08
Dragon Ball Z: Ultimate Tenkaichi,Fighting,Spike,Namco Bandai Games,25-Oct-11
Dragon Ball: Raging Blast,Fighting,Spike,Namco Bandai Games,10-Nov-09
Dragon Ball: Raging Blast 2,Fighting,Spike,Namco Bandai Games,2-Nov-10
Dragon's Dogma,"Action RPG, Open World",Capcom,Capcom,25-May-12
Dragon's Dogma: Dark Arisen,"Action RPG, Open World",Capcom,Capcom,23-Apr-13
Dragon's Lair,Classics,Digital Leisure,Microsoft Studios,18-May-12
Dream Chronicles,Puzzle & Trivia,KatGames,PlayFirst,20-Oct-10
Dream Club,Sim,Tamsoft,D3 Publisher,Unreleased
Dream Club Zero,Sim,Tamsoft,D3 Publisher,Unreleased
Dreamcast Collection,Compilation,Sega,Sega,22-Feb-11
DreamWorks Super Star Kartz,Racing,High Impact Games,Activision,15-Nov-11
Driver: San Francisco,"Racing Mission, Open World",Ubisoft Reflections,Ubisoft,6-Sep-11
Droplitz,Puzzle & Trivia,Blitz Arcade,Atlus,24-Jun-09
Duck Dynasty,,Activision,Activision,14-Oct-14
DuckTales: Remastered,Platformer,WayForward Technologies,Capcom,11-Sep-13
DuckTales: Remastered,Platformer,WayForward Technologies,Capcom,12-Nov-13
Duke Nukem 3D,Shooter,3D Realms,Microsoft Studios,24-Sep-08
Duke Nukem Forever,First-person Shooter,Gearbox Software,2K Games,14-Jun-11
Duke Nukem: Manhattan Project,Action & Adventure,3D Realms,Microsoft Studios,23-Jun-10
Dunamis 15,"Adventure, Visual Novel",5pb.,5pb.,Unreleased
Dungeon Defenders,Strategy & ARPG,Trendy Entertainment,D3 Publisher,19-Oct-11
Dungeon Fighter Live: Fall of Hendon Myre,Role Playing,Nexon Co. Ltd.,Microsoft Studios,13-Jul-12
Dungeon Siege III,Action RPG,Obsidian Entertainment,Square Enix,21-Jun-11
Dungeons & Dragons: Chronicles of Mystara (Shadow Over Mystara and Tower of Doom),Action & Adventure,Iron Galaxy,Capcom,19-Jun-13
Dungeons & Dragons: Daggerdale,Role Playing,Bedlam Games,Atari,25-May-11
Dust: An Elysian Tail,Platformer,Humble Hearts,Microsoft Studios,15-Aug-12
Dustforce,Platformer,Hitbox Team,Capcom,25-Apr-14
Dynasty Warriors 5 Empires,"Hack & Slash, Tactical RPG",Omega Force,Koei,28-Mar-06
Dynasty Warriors 6,"Hack & Slash, Tactical RPG",Omega Force,Koei,19-Feb-08
Dynasty Warriors 6 Empires,"Hack & Slash, Tactical RPG",Omega Force,Koei,16-Jun-09
Dynasty Warriors 7,"Hack & Slash, Tactical RPG",Omega Force,Koei,25-Mar-11
Dynasty Warriors 8,"Hack & Slash, Tactical RPG",Omega Force,Koei,16-Jul-13
Dynasty Warriors: Gundam 2[note 14],"Hack & Slash, Tactical RPG",Omega Force,"Namco Bandai, KoeiEU",21-Apr-09
Dynasty Warriors: Gundam 3[note 15],"Hack & Slash, Tactical RPG","Koei, Omega Force","Namco Bandai, KoeiEU",28-Jun-11
Dynasty Warriors: Gundam[note 16],"Hack & Slash, Tactical RPG","Koei, Omega Force","Namco Bandai, KoeiEU",28-Aug-07
Dynasty Warriors: Strikeforce[note 17],"Hack & Slash, Tactical RPG",Koei,Koei,16-Feb-10
EA Sports Active 2,,EA Vancouver,EA Sports,16-Nov-10
EA Sports Fantasy Football:,Sports & Recreation,EA Tiburon,EA Sports,16-Jul-08
EA Sports Fantasy Football:,Sports & Recreation,EA Tiburon,EA Sports,3-Sep-08
EA Sports MMA,Sports,EA Tiburon,EA Sports,19-Oct-10
Earth Defense Force 2017,Third-person shooter,Sandlot,D3 Publisher,20-Mar-07
Earth Defense Force 2025,Third-person shooter,Sandlot,D3 Publisher,18-Feb-14
Earth Defense Force: Insect Armageddon,Third-person Shooter,Vicious Cycle Software,D3 Publisher,5-Jul-11
Earthworm Jim HD,Classics,Gameloft,Microsoft Studios,9-Jun-10
Eat Lead: The Return of Matt Hazard,Third-person Shooter,Vicious Cycle Software,D3 Publisher,26-Feb-09
Ecco the Dolphin,Classics,Novotrade International,Sega,15-Aug-07
Eets: Chowdown,Puzzle & Trivia,Klei Entertainment,Microsoft Studios,25-Apr-07
El Chavo Kart,Racing,Efecto Studios (along with Slang),Televisa Home Entertainment,21-Feb-14
El Shaddai: Ascension of the Metatron,Action,Ignition Tokyo,UTV Ignition Entertainment,16-Aug-11
Elements of Destruction,Strategy & Simulation,Frozen Codebase,THQ,18-Jun-08
Enchanted Arms[note 18],RPG,From Software,Ubisoft,29-Aug-06
Encleverment Experiment,Family & Educational,Blitz Arcade,Microsoft Studios,11-Nov-09
Enemy Front,First-person Shooter,City Interactive,City Interactive,10-Jun-14
Enemy Territory: Quake Wars,First-person Shooter,"id Software, Nerve Software",Activision,27-May-08
Enslaved: Odyssey to the West,"Action-adventure, Platform",Ninja Theory,Namco Bandai Games,5-Oct-10
Epic Mickey 2: The Power of Two,"Action-adventure, Platform",Blitz Games,Disney Interactive Studios,18-Nov-12
Episode 1,,,,
Episode 1: Iron From Ice,,,,
Eragon,"Hack & Slash, Action-adventure",Stormfront Studios,Vivendi Games,14-Nov-06
Escape Dead Island,"Action, Survival Horror, Stealth",Fatshark,Deep Silver,18-Nov-14
"Escapists, TheThe Escapists",Strategy & Simulation,Mouldy Toof Studios/Team17,Team17,18-Dec-15
Eschatos,,Qute,Qute,Unreleased
Espgaluda II,Bullet Hell,Cave,Cave,Unreleased
Eternal Sonata,RPG,Tri-Crescendo,Namco Bandai Games,17-Sep-07
Ever17,"Visual Novel, Sim",5pb.,5pb.,Unreleased
Every Extend Extra Extreme (E4),Action & Adventure,Q Entertainment,Microsoft Studios,17-Oct-07
Everyone Sing,"Party Game, Singing Game",O-Games,O-Games,Unreleased
Exit,Puzzle & Trivia,Taito,Taito,24-Oct-07
Exit 2,Puzzle & Trivia,Taito,Taito,25-Feb-09
"Expendables 2 Video Game, TheThe Expendables 2 Video Game",Shooter,ZootFly,Ubisoft,17-Aug-12
F.E.A.R.,"First-person shooter, Survival horror",Day 1 Studios,Vivendi Games,31-Oct-06
F.E.A.R. 2: Project Origin,"First-person shooter, Survival horror",Monolith Productions,Warner Bros. Interactive Entertainment,10-Feb-09
F.E.A.R. 3,"First-person shooter, Survival horror",Day 1 Studios,Warner Bros. Interactive Entertainment,21-Jun-11
F.E.A.R. Files[note 19],"First-person shooter, Survival horror",TimeGate Studios,Sierra Entertainment,6-Nov-07
F1 2010,Racing,Codemasters Birmingham,Codemasters,22-Sep-10
F1 2011,Racing,Codemasters Birmingham,Codemasters,20-Sep-11
F1 2012,Racing,Codemasters Birmingham,Codemasters,18-Sep-12
F1 2013,Racing,Codemasters Birmingham,Codemasters,8-Oct-13
F1 2014,Racing,Codemasters Birmingham,Codemasters,21-Oct-14
F1 Race Stars,Racing,Codemasters Birmingham,Codemasters,12-Nov-12
Fable Anniversary,"Action RPG, Open World",Lionhead Studios,Microsoft Game Studios,4-Feb-14
Fable Heroes,Action & Adventure,Lionhead Studios,Microsoft Studios,2-May-12
Fable II,"Action RPG, Open World",Lionhead Studios,Microsoft Game Studios,21-Oct-08
Fable II Pub Games,Card & Board,Carbonated Games/Lionhead Studios,Microsoft Studios,13-Aug-08
Fable III,"Action RPG, Open World",Lionhead Studios,Microsoft Game Studios,26-Oct-10
Fable: The Journey,,Lionhead Studios,Microsoft Studios,9-Oct-12
FaceBreaker,Sports,EA Canada,EA Sports Freestyle,3-Sep-08
Faery: Legends of Avalon,Role Playing,Spiders,Focus Home Interactive,10-Nov-10
Fairytale Fights,"Hack & Slash, Action-adventure",Playlogic,Playlogic,27-Oct-09
Falling Skies: The Game,Strategy,Torus Games,Little Orbit,23-Sep-14
Fallout 3,"Action RPG, Open World",Bethesda Game Studios,Bethesda Softworks,28-Oct-08
Fallout 3 Game Add-On Pack - Broken Steel and Point Lookout,"Action RPG, Open World",Bethesda Game Studios,Bethesda Softworks,27-Aug-09
Fallout 3 Game Add-On Pack - The Pitt and Operation Anchorage,"Action RPG, Open World",Bethesda Game Studios,Bethesda Softworks,16-Jul-09
Fallout: New Vegas,Action RPG,Obsidian Entertainment,Bethesda Softworks,19-Oct-10
Family Feud 2012,Trivia,Pipeworks Software,THQ,18-Oct-12
Family Guy: Back to the Multiverse,Action-adventure,Heavy Iron Studios,Activision,20-Nov-12
"Fancy Pants Adventures, TheThe Fancy Pants Adventures",Platformer,Borne Games/,Electronic Arts,20-Apr-11
Fantasia: Music Evolved,,Harmonix Music Systems,Microsoft Studios,21-Oct-14
Fantastic Four: Rise of the Silver Surfer,"Action-adventure, Third-person",Visual Concepts,2K Games,15-Jun-07
Fantastic Pets,,Blitz Games Studios,THQ,12-Apr-11
Far Cry 2,"First-person Shooter, Open World",Ubisoft Montreal,Ubisoft,21-Oct-08
Far Cry 3,"First-person Shooter, Open world",Ubisoft Montreal,Ubisoft,4-Dec-12
Far Cry 3: Blood Dragon,Shooter,Ubisoft Montreal,Ubisoft,1-May-13
Far Cry 4,"First-person Shooter, Open world",Ubisoft Montreal,Ubisoft,18-Nov-14
Far Cry Classic,Shooter,Crytek,Ubisoft,11-Feb-14
Far Cry Compilation,"First-person Shooter, Open world",Ubisoft Montreal,Ubisoft,2-Nov-14
Far Cry Instincts Predator,First-person Shooter,Ubisoft Montreal,Ubisoft,28-Mar-06
Farming Simulator,Simulation,Giants Software,Focus Home Interactive,6-Sep-13
Farming Simulator 15,Simulation,Giants Software,Focus Home Interactive,19-May-15
Fast & Furious: Showdown,Racing,Firebrand Games,Activision,21-May-13
Fatal Fury Special,Classics,SNK,SNK,5-Sep-07
Fatal Inertia,Racing,Stormfront Studios,Vivendi Games,11-Sep-07
Feeding Frenzy,Action & Adventure,PopCap Games,Microsoft Studios,15-Mar-06
Feeding Frenzy 2: Shipwreck Showdown,Action & Adventure,PopCap Games,PopCap Games,17-Sep-08
Fez,Action & Adventure,Polytron Corporation,Microsoft Studios,13-Apr-12
FIFA 06: Road to FIFA World Cup,Sports,EA Canada,EA Sports,"November 22, 2005[1]"
FIFA 07,Sports,EA Canada,EA Sports,31-Oct-06
FIFA 08,Sports,EA Canada,EA Sports,9-Oct-07
FIFA 09,Sports,EA Canada,EA Sports,14-Oct-08
FIFA 10,Sports,EA Canada,EA Sports,20-Oct-09
FIFA 11,Sports,EA Canada,EA Sports,28-Sep-10
FIFA 12,Sports,EA Canada,EA Sports,27-Sep-11
FIFA 13,Sports,EA Canada,EA Sports,25-Sep-12
FIFA 14,Sports,EA Canada,EA Sports,23-Sep-13
FIFA 15,Sports,EA Canada,EA Sports,23-Sep-14
FIFA 16,Sports,EA Canada,EA Sports,22-Sep-15
FIFA 17,Sports,EA Canada,EA Sports,27-Sep-16
FIFA 18 Legacy Edition,Sports,EA Canada,EA Sports,29-Sep-17
FIFA 19 Legacy Edition,Sports,EA Canada,EA Sports,28-Sep-18
FIFA Street,Sports,EA Canada,EA Sports,13-Mar-12
FIFA Street 3,Sports,EA Canada,EA Sports BIG,18-Feb-08
Fight Night Champion,Sports,EA Canada,EA Sports,1-Mar-11
Fight Night Round 3,Sports,EA Chicago,EA Sports,20-Feb-06
Fight Night Round 4,Sports,EA Canada,EA Sports,30-Jun-09
Fighters Uncaged,,AMA Studios,Ubisoft,4-Nov-10
Fighting Vipers,Fighting,Sega,Sega,28-Nov-12
Final Exam,Action & Adventure,Mighty Rocket Studio,Focus Home Interactive,8-Nov-13
Final Fantasy XI: Seekers of Adoulin,MMORPG,Square Enix,Square Enix,26-Mar-13
Final Fantasy XI: Vana'diel Collection 2008,MMORPG,Square Enix,Square Enix,20-Nov-07
Final Fantasy XI: Wings of the Goddess,MMORPG,Square Enix,Square Enix,20-Nov-07
Final Fantasy XI[note 20],MMORPG,Square Enix,Square Enix,16-Apr-06
Final Fantasy XIII,RPG,Square Enix,Square Enix,9-Mar-10
Final Fantasy XIII-2,RPG,Square Enix,Square Enix,31-Jan-12
Final Fight: Double Impact,Classics,Proper Games,Capcom,14-Apr-10
Fire Pro Wrestling,Fighting,Spike,Microsoft Studios,21-Sep-12
Fireburst,Racing & Flying,IndiePub,Bigben Interactive,14-Jun-13
Fist of the North Star: Ken's Rage 2[note 21],Beat 'em Up,Koei,Tecmo Koei,5-Feb-13
Fist of the North Star: Ken's Rage[note 22],Beat 'em Up,Omega Force,Koei,2-Nov-10
Flashback,Platformer,VectorCell,Ubisoft,21-Aug-13
FlatOut: Ultimate Carnage,"Racing, Vehicular Combat",Bugbear Entertainment,Empire Interactive,2-Oct-07
Flock!,Action & Adventure,Proper Games,Capcom,8-Apr-09
Football Genius: The Ultimate Quiz,Sports & Recreation,RTL Sports,I-Imagine Interactive,30-Sep-09
Football Manager 2006,Sports Management,Sports Interactive,Sega Europe,Unreleased
Football Manager 2007,Sports Management,Sports Interactive,Sega Europe,Unreleased
Football Manager 2008,Sports Management,Sports Interactive,Sega Europe,Unreleased
Forza Horizon,"Racing, Open World","Playground Games, Turn 10 Studios",Microsoft Studios,23-Oct-12
Forza Horizon 2,"Racing, Open World","Sumo Digital, Turn 10 Studios",Microsoft Studios,30-Sep-14
Forza Motorsport 2,Racing,Turn 10 Studios,Microsoft Game Studios,29-May-07
Forza Motorsport 3,Racing,Turn 10 Studios,Microsoft Game Studios,27-Oct-09
Forza Motorsport 4,Racing,Turn 10 Studios,Microsoft Studios,11-Oct-11
Foul Play,Action & Adventure,Mediatonic,Mastertronic Group,18-Sep-13
Fracture,Third-person Shooter,Day 1 Studios,LucasArts,7-Oct-08
Freefall Racers,Kinect,Smoking Gun Interactive,Deep Silver,6-Sep-13
Fret Nice,Platformer,Pieces Interactive,Koei Tecmo,24-Feb-10
Frogger,Classics,Konami/Digital Eclipse,Konami,12-Jul-06
Frogger 2,Action & Adventure,"Voltex, Inc.",Konami,11-Jun-08
Frogger: Hyper Arcade Edition,Classics,Zombie Studios,Konami,6-Jul-12
From Dust,Strategy & Simulation,Ubisoft Montpellier,Ubisoft,27-Jul-11
Front Mission Evolved,"Tank & Mecha Sim, Third-person Shooter",Double Helix Games,Square Enix,28-Sep-10
Frontlines: Fuel of War,"First-person Shooter, Action",Kaos Studios,THQ,25-Feb-08
Frozen Free Fall: Snowball Fight,Puzzle & Trivia,SuperVillain Studios,Disney Interactive Studios,15-Sep-15
Fruit Ninja Kinect,Kinect,Halfbrick Studios,Microsoft Studios,10-Aug-11
Fuel,"Racing, Open World",Asobo Studios,Codemasters,2-Jun-09
Full Auto,Vehicular Combat,Pseudo Interactive,Sega,14-Feb-06
Full House Poker,Card & Board,Microsoft Studios/,Microsoft Studios,16-Mar-11
FunTown Mahjong,Card & Board,FunTown World,Microsoft Studios,28-Jan-09
Fuse,Action,Insomniac Games,Electronic Arts,28-May-13
Fusion: Genesis,Shooter,Starfire Studio,Microsoft Studios,9-Nov-11
Fuzion Frenzy 2,Party,Hudson Soft,Microsoft Game Studios,30-Jan-07
G.I. Joe: The Rise of Cobra,Action,Double Helix Games,Electronic Arts,4-Aug-09
Gal*Gun,Rail Shooter,Inti Creates,Alchemist,Unreleased
Galaga,Classics,Namco,Namco,26-Jul-06
Galaga Legions,Shooter,Namco,Namco,20-Aug-08
Galaga Legions DX,Shooter,Namco Bandai Games,Namco Bandai Games,29-Jun-11
Game of Thrones,Action RPG,Cyanide Studios,Atlus,15-May-12
Game of Thrones,Graphic adventure,Telltale Games,Telltale Games,3-Dec-14
Game of Thrones -,Action & Adventure,Telltale Games,Telltale Games,3-Dec-14
Game Party: In Motion,,FarSight Studios,Warner Bros. Interactive Entertainment,18-Nov-10
Garou: Mark of the Wolves,Classics,SNK,SNK,24-Jun-09
Gatling Gears,Action & Adventure,Vanguard Games,Electronic Arts,11-May-11
Gauntlet,Classics,Midway Games/,Midway Games,22-Nov-05
Gears of War,Third-person Shooter,Epic Games,Microsoft Game Studios,7-Nov-06
Gears of War 2,Third-person Shooter,Epic Games,Microsoft Game Studios,7-Nov-08
Gears of War 3,Third-person Shooter,Epic Games,Microsoft Studios,20-Sep-11
Gears of War: Judgment,Third-person Shooter,People Can Fly,Microsoft Studios,19-Mar-13
Gel: Set & Match,Puzzle & Trivia,Gastronaut Studios,Microsoft Studios,20-May-09
Generator Rex: Agent of Providence,Action-adventure,Activision,Activision,1-Nov-11
Geometry Wars 3: Dimensions,Action & Adventure,Lucid Games,Activision,25-Nov-14
Geometry Wars: Retro Evolved,Action & Adventure,Bizarre Creations,Microsoft Studios,22-Nov-05
Geometry Wars: Retro Evolved 2,Action & Adventure,Bizarre Creations,Microsoft Studios,30-Jul-08
Geon: Emotions,Action & Adventure,Strawdog Studios,Square Enix,19-Sep-07
Get Fit With Mel B,,Lightning Fish,"Deep Silver, Black Bean Games",Unreleased
G-Force,"Action, Platform",Eurocom,Disney Interactive Studios,21-Jul-09
Ghostbusters: Sanctum of Slime,Shooter,Behaviour Interactive,Atari,23-Mar-11
Ghostbusters: The Video Game,"Action-adventure, Third-person shooter","Terminal Reality, Threewave Software",Atari,16-Jun-09
Giana Sisters: Twisted Dreams,Action & Adventure,Black Forest Games,bitComposer Interactive,20-Mar-13
Gin Rummy,Card & Board,Studios Ch'in,Activision,3-Sep-08
Ginga Force,Shoot 'em up,Qute,Qute,Unreleased
Girl Fight,Fighting,Kung Fu Factory,Majesco Entertainment,25-Sep-13
Go! Go! Break Steady,Family & Educational,Little Boy Games,Microsoft Studios,23-Jul-08
Goat Simulator,Action & Adventure,Double Eleven,Double Eleven,17-Apr-15
Goat Simulator: Mmore Goatz Edition,Action & Adventure,Double Eleven,Double Eleven,26-Aug-15
God Mode,Shooter,Old School Games,Atlus,19-Apr-13
Golden Axe,Classics,Sega/Digital Eclipse,Sega,11-Jul-07
Golden Axe: Beast Rider,Hack & Slash,Secret Level,Sega,14-Oct-08
GoldenEye 007: Reloaded,First-person Shooter,Eurocom,Activision,1-Nov-11
Golf: Tee It Up!,Sports & Recreation,Housemarque,Activision,9-Jul-08
Goosebumps: The Game,Action & Adventure,WayForward Technologies,GameMill Entertainment,14-Oct-15
Gotham City Impostors,Shooter,Monolith Productions,Warner Bros. Interactive Entertainment,8-Feb-12
Grand Slam Tennis 2,Sports,EA Canada,EA Sports,12-Feb-12
Grand Theft Auto IV[note 23],"Action-adventure, Open World",Rockstar North,"Rockstar Games, CapcomJP",29-Apr-08
Grand Theft Auto V,"Action-adventure, Open World",Rockstar North,Rockstar Games,17-Sep-13
Grand Theft Auto: Episodes from Liberty City[note 24],"Action-adventure, Open World, Compilation",Rockstar North,Rockstar Games,29-Oct-09
Grand Theft Auto: San Andreas,"Action-adventure, Open World",Rockstar North,Rockstar Games,30-Jun-15
Gray Matter,Adventure,Wizarbox,dtp entertainment,Unreleased
Grease Dance,,Zoë Mode,505 Games,25-Oct-11
Greed Corp,Strategy & Simulation,W!Games,Valcon Games,24-Feb-10
Green Day: Rock Band,Music,Harmonix,MTV Games,8-Jun-10
Green Lantern: Rise of the Manhunters,Action,Double Helix Games,Warner Bros. Interactive Entertainment,7-Jun-11
Greg Hastings Paintball 2,First-person shooter,Majesco Entertainment,Activision,14-Sep-10
Grid 2,Racing,Codemasters Southam,Codemasters,28-May-13
Grid Autosport,Racing,Codemasters Southam,Codemasters,24-Jun-14
GripShift,Racing & Flying,Sidhe Interactive,Microsoft Studios,12-Dec-07
Guacamelee!:,Action & Adventure,DrinkBox Studios,Activision,2-Jul-14
Guardian Heroes,Action & Adventure,Treasure,Sega,12-Oct-11
Guardians of Middle-earth,Strategy & Simulation,Monolith Productions,Warner Bros. Interactive Entertainment,5-Dec-12
Guilty Gear 2: Overture,"Action-adventure, RTS",Arc System Works,505 Games,7-Oct-08
Guilty Gear XX ? Core Plus,Fighting,Arc System Works,Arc System Works,24-Oct-12
Guitar Hero 5,Music,Neversoft,Activision,1-Sep-09
Guitar Hero II,Music,Harmonix,"RedOctane, Activision",3-Apr-07
Guitar Hero III: Legends of Rock,Music,Neversoft,Activision,28-Oct-07
Guitar Hero Live,Music,FreeStyleGames,Activision,20-Oct-15
Guitar Hero Smash Hits,Music,Neversoft,Activision,16-Jun-09
Guitar Hero World Tour,Music,Neversoft,Activision,26-Oct-08
Guitar Hero: Aerosmith,Music,Neversoft,Activision,29-Jun-08
Guitar Hero: Metallica,Music,Neversoft,Activision,29-Mar-09
Guitar Hero: Van Halen,Music,Neversoft,Activision,22-Dec-09
Guitar Hero: Warriors of Rock,Music,Neversoft,Activision,28-Sep-10
Gun,Action-adventure,Neversoft,Activision,"November 22, 2005[1]"
Guncraft: Blocked & Loaded,Action & Adventure,Exato Game Studios,GameMill Entertainment,14-Jul-15
Gunstar Heroes,Classics,Treasure/,Sega,10-Jun-09
Guwange,Classics,CAVE,CAVE,10-Nov-10
Gyromancer,Puzzle & Trivia,PopCap Games/,Square Enix,18-Nov-09
Gyruss,Classics,Konami/Digital Eclipse,Konami,18-Apr-07
Hail to the Chimp,Party,Wideload Games,Gamecock Media Group,24-Jun-08
Half-Minute Hero: Super Mega Neo Climax,Role Playing,Marvelous Entertainment,Microsoft Studios,29-Jun-11
Halo 3,First-person Shooter,Bungie,Microsoft Studios,25-Sep-07
Halo 3: ODST,First-person Shooter,Bungie,Microsoft Studios,22-Sep-09
Halo 3: ODST Campaign Edition,First-person Shooter,Bungie,Microsoft Studios,9-Apr-13
Halo 4,First-person Shooter,343 Industries,Microsoft Studios,6-Nov-12
Halo Wars,RTS,Ensemble Studios,Microsoft Studios,3-Mar-09
Halo: Combat Evolved Anniversary,First-person Shooter,343 Industries,Microsoft Studios,15-Nov-11
Halo: Reach,First-person Shooter,Bungie,Microsoft Game Studios,14-Sep-10
Halo: Spartan Assault,Shooter,343 Industries/,Microsoft Studios,31-Jan-14
Hannah Montana: The Movie,"Adventure, Music",n-Space,Disney Interactive Studios,7-Apr-09
Happy Feet Two: The Video Game,"Adventure, Music",KMM Games,Warner Bros. Interactive Entertainment,8-Nov-11
Happy Tree Friends: False Alarm,Strategy & Simulation,Stainless Games,Sega,25-Jun-08
Happy Wars,Action & Adventure,Toylogic,Microsoft Studios,12-Oct-12
Hard Corps: Uprising,Action & Adventure,Arc System Works,Konami,16-Feb-11
Hardwood Backgammon,Card & Board,Silver Creek Entertainment,Microsoft Studios,8-Dec-05
Hardwood Hearts,Card & Board,Silver Creek Entertainment,Microsoft Studios,8-Dec-05
Hardwood Spades,Card & Board,Silver Creek Entertainment,Microsoft Studios,8-Dec-05
Harley Pasternak’s Hollywood Workout,,Heavy Iron Studios,Majesco Entertainment,18-Sep-12
Harms Way,Racing & Flying,Bongfish,Microsoft Studios,8-Dec-10
Harry Potter and the Deathly Hallows: Part I,Third-person Shooter,EA Bright Light,Electronic Arts,16-Nov-10
Harry Potter and the Deathly Hallows: Part II,Third-person Shooter,EA Bright Light,Electronic Arts,12-Jul-11
Harry Potter and the Half-Blood Prince,Third-person Shooter,EA Bright Light,Electronic Arts,30-Jun-09
Harry Potter and the Order of the Phoenix,Action-adventure,EA Bright Light,Electronic Arts,25-Jun-07
Harry Potter for Kinect,,Eurocom,Warner Bros. Interactive Entertainment,9-Oct-12
Hasbro Family Game Night,Board Game,EA Bright Light,Electronic Arts,10-Nov-09
Hasbro Family Game Night,Family & Educational,EA Bright Light,Electronic Arts,18-Mar-09
Hasbro Family Game Night 3,Board Game,EA Bright Light,Electronic Arts,25-Oct-10
Hasbro Family Game Night 4: The Game Show,Board Game,EA Salt Lake,Electronic Arts,1-Nov-11
Hasbro Family Game Night Fun Pack,Board Game,EA Bright Light,Electronic Arts,1-Nov-11
Haunt,Kinect,NanaOn-Sha,Microsoft Studios,18-Jan-12
Haunted House,Action & Adventure,ImaginEngine,Atari,28-Oct-10
Heavy Weapon,Action & Adventure,PopCap Games,Microsoft Studios,17-Jan-07
Hell Yeah! Wrath of the Dead Rabbit,Action & Adventure,Arkedo Studio,Sega,26-Sep-12
Hellboy: The Science of Evil,Action,Krome Studios,Konami,24-Jun-08
Heroes Over Europe,Combat Flight Simulator,Transmission Games,Ubisoft,15-Sep-09
Hexic 2,Puzzle & Trivia,Carbonated Games,Microsoft Studios,15-Aug-07
Hexic HD,Puzzle & Trivia,Carbonated Games,Microsoft Studios,22-Nov-05
Hexodius,Shooter,Brain Slap Studio,Bandai Namco Entertainment,16-Oct-13
High School Musical 3: Senior Year DANCE!,Music,Page 44 Studios,Disney Interactive Studios,28-Oct-08
History – Civil War: Secret Missions,"First-person Shooter, Stealth",Cauldron,Activision Value,4-Nov-08
Hitman HD Trilogy,Stealth,IO Interactive,Square Enix,29-Jan-13
Hitman: Absolution,Stealth,IO Interactive,Square Enix,20-Nov-12
Hitman: Blood Money,"Stealth, Third-person Shooter, First-person Shooter",IO Interactive,Eidos Interactive,30-May-06
Hole in the Wall,Kinect,Ludia,Microsoft Studios,24-Aug-11
Hole in the Wall,,Ludia,Ubisoft,24-Aug-11
Home Run Stars,Kinect,Smoking Gun Interactive,Microsoft Studios,26-Oct-12
Homefront,First-person Shooter,Kaos Studios,THQ,22-Feb-11
Hot Wheels World's Best Driver,"Racing, Vehicular Combat",Firebrand Games,Warner Brothers Interactive,17-Sep-13
Hot Wheels: Beat That!,"Racing, Vehicular Combat",Eutechnyx,Activision,25-Sep-07
Hour of Victory,First-person Shooter,nFusion,Midway Games,25-Jun-07
How to Survive,Action & Adventure,EKO Software,505 Games,23-Oct-13
How to Train Your Dragon,Action-adventure,Étranges Libellules,Activision,23-Mar-10
How to Train Your Dragon 2,Action-adventure,Little Orbit,Torus Games,13-Jun-14
Hulk Hogan's Main Event,,Panic Button,"Majesco Entertainment, 505 Games",11-Oct-11
Hunted: The Demon's Forge,Action,InXile Entertainment,Bethesda Softworks,31-May-11
Hunter's Trophy 2: America,Shooter,Kylotonn Entertainment,Bigben Interactive,17-May-13
Hunter's Trophy 2: Australia,Shooter,Kylotonn Entertainment,Bigben Interactive,29-May-13
Hybrid,Shooter,5th Cell,Microsoft Studios,8-Aug-12
Hydro Thunder Hurricane,Racing & Flying,Vector Unit,Microsoft Studios,28-Jul-10
Hydrophobia,Action & Adventure,Dark Energy Digital,Microsoft Studios,29-Sep-10
I Am Alive,Action & Adventure,Ubisoft Shanghai,Ubisoft,7-Mar-12
Ice Age: Continental Drift - Arctic Games,,Behaviour Interactive,Activision,10-Jul-12
Ice Age: Dawn of the Dinosaurs,Platform,Eurocom,Activision,30-Jun-09
Ikaruga,Shooter,Treasure,Microsoft Studios,9-Apr-08
IL-2 Sturmovik: Birds of Prey,Combat Flight Simulator,Gaijin Entertainment,1C Company,8-Sep-09
Ilomilo,Puzzle & Trivia,Southend Interactive,Microsoft Studios,5-Jan-11
Import Tuner Challenge[note 25],Racing,Genki,Ubisoft,26-Sep-06
Indianapolis 500 Evolution,Racing,Brain in a Jar,Destineer,30-Sep-09
Infernal: Hell's Vengeance,"Third-person Shooter, Action-adventure",Metropolis Software,Playlogic,30-Jun-09
Inferno Pool,Sports & Recreation,Dark Energy Digital,Koch Media,28-Oct-09
Infinite Undiscovery,Action RPG,tri-Ace,Microsoft Game Studios,2-Sep-08
Injustice: Gods Among Us,Fighting,NetherRealm Studios,Warner Bros. Interactive Entertainment,16-Apr-13
Insanely Twisted Shadow Planet,Action & Adventure,Shadow Planet Productions (Fuelcell Games/Gagne International),Microsoft Studios,3-Aug-11
Instant Brain,Adventure,CAVE,CAVE,Unreleased
Intel Discovered,Kinect,Wahoo Studios,Microsoft Studios,15-Oct-12
Interpol: The Trail of Dr. Chaos,Puzzle & Trivia,TikGames,Microsoft Studios,7-Jan-09
Inversion,Third-person Shooter,Saber Interactive,Namco Bandai Games,5-Jun-12
Invincible Tiger: The Legend of Han Tao,Action & Adventure,Blitz Arcade,Bandai Namco Entertainment,26-Aug-09
Ion Assault,Action & Adventure,Coreplay,Black Inc.,23-Sep-09
Iron Brigade,Shooter,Double Fine Productions,Microsoft Studios,22-Jun-11
Iron Man,Action,Secret Level,Sega,2-May-08
Iron Man 2,Action-adventure,Sega Studio USA,Sega,27-Apr-10
Iron Sky: Invasion,Space simulation,Reality Pump,TopWare Interactive,Unreleased
Islands of Wakfu,Role Playing,Ankama Games,Microsoft Studios,30-Mar-11
JAM Live Music Arcade,Puzzle & Trivia,Zivix,505 Games,16-May-12
James Bond 007: Blood Stone,Third-person shooter,Bizarre Creations,Activision,2-Nov-10
James Cameron's Avatar: The Game,"Third-person Shooter, Action-adventure",Ubisoft Montreal,"Ubisoft, Lightstorm Entertainment, 20th Century Fox Games",1-Dec-09
JASF: Jane's Advanced Strike Fighters,Combat flight simulator,Trickstar Games,Maximum Family Games,18-Oct-11
Jeremy McGrath's Offroad,Racing & Flying,2XL Games,D3 Publisher,27-Jun-12
Jet Car Stunts,Racing & Flying,Grip Digital,bitComposer Interactive,1-Oct-14
Jet Set Radio,Action & Adventure,Smilebit,Sega,19-Sep-12
Jetpac Refuelled,Classics,Rare,Microsoft Studios,28-Mar-07
Jewel Quest,Puzzle & Trivia,iWin Games/CTXM,Microsoft Studios,8-Mar-06
Jillian Michaels’ Fitness Adventure,,n-Space,"Majesco Entertainment, 505 Games",8-Nov-11
Jimmie Johnson's Anything with an Engine,Racing,Isopod Labs,Autumn Games,1-Nov-11
Joe Danger 1Joe Danger: Special Edition,Racing & Flying,Hello Games,Microsoft Studios,14-Dec-11
Joe Danger 2Joe Danger 2: The Movie,Racing & Flying,Hello Games,Microsoft Studios,14-Sep-12
JoJo's Bizarre Adventure HD Ver.,Fighting,Capcom,Capcom,22-Aug-12
Jonah Lomu Rugby Challenge,Rugby,Tru Blu Games,Tru Blu Games,18-Oct-11
Joust,Classics,Midway Games/,Midway Games,22-Nov-05
Joy Ride Turbo,Racing & Flying,BigPark,Microsoft Studios,23-May-12
Juiced 2: Hot Import Nights[note 26],Racing,Juice Games,THQ,17-Sep-07
Juju,Platformer,Flying Wild Hog,THQ Nordic,10-Dec-14
Jumper: Griffin's Story,Action,Brash Entertainment,Warner Bros. Interactive Entertainment,12-Feb-08
Jurassic Park: The Game,Graphic adventure,Telltale Games,Telltale Games,15-Nov-11
Jurassic: The Hunted,First-person Shooter,Cauldron,Activision,3-Nov-09
Just Cause,"Third-person Shooter, Action-adventure, Open World",Avalanche Studios,Eidos Interactive,27-Sep-06
Just Cause 2,"Third-person Shooter, Action-adventure, Open World",Avalanche Studios,Eidos Interactive,23-Mar-10
Just Dance 2014,,Ubisoft Paris,Ubisoft,8-Oct-13
Just Dance 2015,,Ubisoft Paris,Ubisoft,25-Oct-14
Just Dance 2016,,Ubisoft Paris,Ubisoft,25-Oct-15
Just Dance 2017,,Ubisoft Paris,Ubisoft,25-Oct-16
Just Dance 2018,,Ubisoft Paris,Ubisoft,24-Oct-17
Just Dance 2019,,Ubisoft Paris,Ubisoft,23-Oct-18
Just Dance 3,,Ubisoft Paris,Ubisoft,7-Oct-11
Just Dance 4,,Ubisoft Paris,Ubisoft,9-Oct-12
Just Dance Kids,,AiLive,Ubisoft,9-Nov-10
Just Dance Kids 2,,AiLive,Ubisoft,25-Oct-11
Just Dance Kids 2014,,AiLive,Ubisoft,22-Oct-13
Just Dance: Disney Party,,Ubisoft Paris,Ubisoft,23-Oct-12
Just Dance: Disney Party 2,,Ubisoft Paris,Ubisoft,20-Oct-15
Just Dance: Greatest Hits,,Ubisoft Paris,Ubisoft,26-Jun-12
Kameo: Elements of Power,Action-adventure,Rare,Microsoft Game Studios,"November 22, 2005[1]"
Kane & Lynch 2: Dog Days,Third-person Shooter,IO Interactive,Eidos Interactive,17-Aug-10
Kane & Lynch: Dead Men,Third-person Shooter,IO Interactive,Eidos Interactive,14-Nov-07
Karaoke Revolution,Music,Blitz Games,Konami,24-Nov-09
Karaoke Revolution Glee: Volume 3,Music,Blitz Games,Konami,22-Nov-11
Karaoke Revolution Presents: American Idol Encore,Music,Blitz Games,Konami,5-Feb-08
Karaoke Revolution Presents: American Idol Encore 2,Music,Blitz Games,Konami,18-Nov-08
Karateka,Fighting,Liquid Entertainment,D3 Publisher,7-Nov-12
Kengo: Legend of the 9,Fighting,Genki,Majesco Entertainment,11-Sep-07
Ketsui: Kizuna Jigoku Tachi EXTRA,Bullet Hell,Cave,5pb.,Unreleased
Kick-Ass 2,"Action, Beat 'em up",Freedom Factory,UIG Entertainment,Unreleased
Killer is Dead,"Action, Hack & slash",Grasshopper Manufacture,"Xseed GamesNA, Deep SilverPAL EU, Kadokawa GamesJP",27-Aug-13
Kinect Adventures,,Good Science Studio,Microsoft Studios,4-Nov-10
Kinect Bundle,Kinect,Misc,Microsoft Studios,17-Jul-13
Kinect Disneyland Adventures,,Frontier Developments,Microsoft Studios,15-Nov-11
Kinect Joy Ride,,BigPark,Microsoft Studios,4-Nov-10
Kinect Nat Geo TV,,Relentless Software,Microsoft,18-Sep-12
Kinect Party,Kinect,Double Fine Productions,Microsoft Studios,17-Dec-12
Kinect Rush: A Disney-Pixar Adventure,,Asobo Studios,"Microsoft Studios, Disney Interactive Studios",20-Mar-12
Kinect Sesame Street TV,,Microsoft Studios - Soho Productions,Microsoft Studios,18-Sep-12
Kinect Sports,,Rare,Microsoft Studios,4-Nov-10
Kinect Sports Gems: 10 Frame Bowling,Kinect,Rare,Microsoft Studios,12-Mar-13
Kinect Sports Gems: 3 Point Contest,Kinect,Rare,Microsoft Studios,20-Nov-12
Kinect Sports Gems: Boxing Fight,Kinect,Rare,Microsoft Studios,25-Jun-13
Kinect Sports Gems: Darts vs. Zombies,Kinect,Rare,Microsoft Studios,20-Nov-12
Kinect Sports Gems: Field Goal Contest,Kinect,Rare,Microsoft Studios,25-Dec-12
Kinect Sports Gems: Penalty Saver,Kinect,Rare,Microsoft Studios,12-Mar-13
Kinect Sports Gems: Ping Pong,Kinect,Rare,Microsoft Studios,12-Mar-13
Kinect Sports Gems: Prize Driver,Kinect,Rare,Microsoft Studios,25-Dec-12
Kinect Sports Gems: Reaction Rally,Kinect,Rare,Microsoft Studios,25-Dec-12
Kinect Sports Gems: Ski Race,Kinect,Rare,Microsoft Studios,20-Nov-12
Kinect Sports: Season Two,,Rare,Microsoft Studios,25-Oct-11
Kinect Star Wars,,Terminal Reality,Microsoft Studios,3-Apr-12
Kinectimals,,Frontier Developments,Microsoft Studios,4-Nov-10
Kinectimals: Now with Bears!,,Frontier Developments,Microsoft Studios,11-Oct-11
"King of Fighters 2002, TheThe King of Fighters 2002: Unlimited Match",Classics,SNK,SNK,3-Nov-10
"King of Fighters 98, TheThe King of Fighters '98 Ultimate Match",Classics,SNK,SNK,1-Jul-09
Kingdom Under Fire: Circle of Doom,Action RPG,Blueside,Microsoft Game Studios,8-Jan-08
Kingdoms of Amalur: Reckoning,"Action RPG, Open World","38 Studios, Big Huge Games",Electronic Arts,7-Feb-12
King's Quest -,Action & Adventure,The Odd Gentlemen,Sierra Entertainment,29-Jul-15
King's Quest: The Complete Collection,Point and Click,Sierra,Sierra Studios,18-Oct-16
Knights Contract,Action-adventure,Game Republic,Namco Bandai Games,22-Feb-11
KOF Sky Stage,Shooter,Moss Ltd.,SNK,15-Sep-10
Konami Classics Vol. 1,Compilation,Konami,Konami,15-Dec-09
Konami Classics Vol. 2,Compilation,Konami,Konami,15-Dec-09
KrissX,Puzzle & Trivia,Regolith Games Ltd.,Konami,27-Jan-10
Kung Fu High Impact,,Virtual Air Guitar,"Ignition Entertainment, Black Bean Games",15-Nov-11
Kung Fu Panda,"Action-adventure, Platformer",Luxoflux,Activision,3-Jun-08
Kung Fu Panda 2,,Griptonite Games,THQ,24-May-11
Kung Fu Strike: The Warrior's Rise,Fighting,QOOCsoft,7sixty,5-Sep-12
L.A. Noire,"Third-person Shooter, Action-adventure, Open World",Team Bondi,Rockstar Games,17-May-11
Lara Croft and the Guardian of Light,Action & Adventure,Crystal Dynamics,Square Enix Europe,18-Aug-10
Lazy Raiders,Action & Adventure,Sarbakan,Microsoft Studios,24-Feb-10
"Lazy Raiders, The Splatters)",,,,
Leedmees,Kinect,Konami,Konami,7-Sep-11
Leela,,Curious Pictures,THQ,8-Nov-11
Left 4 Dead,"First-person Shooter, Survival Horror",Valve Corporation,Electronic Arts,17-Nov-08
Left 4 Dead 2,"First-person Shooter, Survival Horror",Valve Corporation,Electronic Arts,17-Nov-09
Legend of Kay Anniversary,,Neon Studios,Nordic Games,28-Jun-15
"Legend of Korra, TheThe Legend of Korra",Action & Adventure,PlatinumGames,Activision,22-Oct-14
"Legend of Spyro: Dawn of the Dragon, TheThe Legend of Spyro: Dawn of the Dragon",,Étranges Libellules,Activision,21-Oct-08
Legend of the Guardians: The Owls of Ga'Hoole,Combat Flight Simulator,Krome Studios,Warner Bros. Interactive,14-Sep-10
Legendary,First-person Shooter,Spark Unlimited,Gamecock Media Group,21-Oct-08
Legends of War,First-person Shooter,"Enigma Software Productions, Slitherine",Maximum Games,20-Nov-12
LEGO Batman 2: DC Super Heroes,"Action-adventure, Platformer",Traveller's Tales,Warner Bros. Interactive Entertainment,19-Jun-12
LEGO Batman 3: Beyond Gotham,"Action-adventure, Platformer",Traveller's Tales,Warner Bros. Interactive Entertainment,11-Nov-14
LEGO Batman: The Videogame,Action-adventure,Traveller's Tales,Warner Bros. Interactive Entertainment,23-Sep-08
Lego Dimensions,"Action-adventure, Platformer",Traveller's Tales,Warner Bros. Interactive Entertainment,27-Sep-15
LEGO Harry Potter: Years 1–4,"Action-adventure, Platformer",Traveller's Tales,Warner Bros. Interactive Entertainment,29-Jun-10
LEGO Harry Potter: Years 5–7,"Action-adventure, Platformer",Traveller's Tales,Warner Bros. Interactive Entertainment,11-Nov-11
LEGO Indiana Jones 2: The Adventure Continues,"Action-adventure, Platformer",Traveller's Tales,LucasArts,17-Nov-09
LEGO Indiana Jones: The Original Adventures,"Action-adventure, Platformer",Traveller's Tales,LucasArts,3-Jun-08
LEGO Jurassic World,"Action-adventure, Platformer",Traveller's Tales,Warner Bros. Interactive Entertainment,25-Jun-15
LEGO Marvel Super Heroes,"Action-adventure, Platformer",TT Games,Warner Bros. Interactive Entertainment,22-Oct-13
LEGO Pirates of the Caribbean: The Video Game,"Action-adventure, Platformer",Traveller's Tales,Disney Interactive Studios,10-May-11
LEGO Rock Band,Music,"Harmonix Music Systems, Traveller's Tales","Warner Bros. Interactive Entertainment, MTV Games",3-Nov-09
LEGO Star Wars II: The Original Trilogy,"Action-adventure, Platform",Traveller's Tales,LucasArts,12-Sep-06
LEGO Star Wars III: The Clone Wars,"Action-adventure, Platform",Traveller's Tales,LucasArts,15-Feb-11
LEGO Star Wars: The Complete Saga,"Action-adventure, Platform",Traveller's Tales,LucasArts,6-Nov-07
Lego Star Wars: The Force Awakens,"Action-adventure, Platform",Traveller's Tales,Warner Bros. Interactive Entertainment,28-Jun-16
LEGO The Hobbit,"Action-adventure, Action role-playing, Platform",Traveller's Tales,"Warner Bros. Interactive Entertainment, MGM Interactive",8-Apr-14
LEGO The Lord of the Rings,"Action-adventure, Action role-playing, Platform",Traveller's Tales,Warner Bros. Interactive Entertainment,30-Oct-12
Leisure Suit Larry: Box Office Bust,Adventure,Team17,Sierra Entertainment,31-Mar-09
Let's Cheer,,Cat Daddy Games,2K Play,7-Nov-11
Let's Dance with Mel B,,Lightning Fish,Black Bean Games,24-Apr-12
Let's Sing and Dance,Music,Voxler Games,Deep Silver,9-Oct-13
Life Is Strange -,Action & Adventure,Dontnod Entertainment,Square Enix,30-Jan-15
Lightning Returns: Final Fantasy XIII,RPG,tri-Ace,Square Enix,11-Feb-14
Limbo,Puzzle & Trivia,Playdead,Microsoft Studios,21-Jul-10
Lips,Music,iNiS,Microsoft Game Studios,11-Nov-08
Lips: Canta en Español,Music,iNiS,Microsoft Game Studios,Unreleased
Lips: I Love the 80's,Music,iNiS,Microsoft Game Studios,Unreleased
Lips: Number One Hits,Music,iNiS,Microsoft Game Studios,20-Oct-09
Lips: Party Classics,Music,iNiS,Microsoft Game Studios,4-Mar-10
Little League World Series Baseball 2010,Sports,NOW Production,Activision,13-Jul-10
Live Draft Tracker,,,,
Live Score Tracker,,,,
LMA Manager 2007,Sports Management,Codemasters,Codemasters,Unreleased
LocoCycle,Racing & Flying,Twisted Pixel Games,Microsoft Studios,14-Feb-14
Lode Runner,Classics,Southend Interactive/,Microsoft Studios,22-Apr-09
Lollipop Chainsaw,Hack and slash,Grasshopper Manufacture,Warner Bros. Interactive Entertainment,12-Jun-12
London 2012: The Official Video Game,"Sports, (Olympic)",Sega Studios Australia,Sega,26-Jun-12
Looney Tunes: Acme Arsenal,Action-adventure,Redtribe,Warner Bros. Interactive Entertainment,9-Oct-07
Lords of Shadow – Mirror of Fate HD,,,,
Lost Cities,Card & Board,Sierra Entertainment,Sierra Entertainment,23-Apr-08
Lost Odyssey,RPG,Mistwalker,Microsoft Game Studios,12-Feb-08
Lost Planet 2,Third-person Shooter,Capcom,Capcom,18-May-10
Lost Planet 3,Third-person Shooter,Spark Unlimited,Capcom,27-Aug-13
Lost Planet: Extreme Condition,Third-person Shooter,Capcom,Capcom,12-Jan-07
Lost: Via Domus,Action-adventure,Ubisoft Montreal,Ubisoft,26-Feb-08
Love Football,Sports,Namco Bandai Games,Namco Bandai Games,Unreleased
Love Tore: Bitter Version,,Bishoujo,Bishoujo,Unreleased
Love Tore: Mint Version,,Bishoujo,Bishoujo,Unreleased
Love Tore: Sweet Version,,Bishoujo,Bishoujo,Unreleased
Lucha Fury,Fighting,Punchers Impact,Coktel,22-Jun-11
Lucha Libre AAA 2010: Héroes del Ring,Sports,Immersion Software,Sabarasa Studios,12-Oct-10
Lucidity,Action & Adventure,LucasArts,Disney Interactive Studios,7-Oct-09
Lumines Live!,Puzzle & Trivia,Q Entertainment,Microsoft Studios,18-Oct-06
Luxor 2,Puzzle & Trivia,MumboJumbo,Microsoft Studios,4-Apr-07
Luxor 3: Jerome made this up its not a game,Puzzle & Trivia,MumboJumbo,Microsoft Studios,4-Apr-07
Luxor 4: Jerome made this up its not a game,Puzzle & Trivia,MumboJumbo,Microsoft Studios,4-Apr-07
Luxor 5: Jerome made this up its not a game,Puzzle & Trivia,MumboJumbo,Microsoft Studios,4-Apr-07
Make the Grade,,,,
Super Turbo Championship Edition,,,,
The Adventures of Captain Smiley,,,,
The History Channel: Great Battles Medieval,First-person Shooter,Slitherine,Slitherine,6-May-11
The Jackbox Party Pack,Party,Jackbox Games,Jackbox Games,19-Nov-14
